contig-1377000000,NC_005296
contig-732000000,NC_003112
contig-1886000000,NC_003112
contig-1011000000,NC_003112
contig-149000000,NC_006582
contig-1128000000,NC_009641
contig-2519000000,NC_009641
contig-1972000000,NC_003112
contig-615000000,NC_005296
contig-2151000000,NC_005296
contig-677000000,NC_008011
contig-1416000000,NC_010546
contig-2387000000,NC_005296
contig-1565000000,NC_003112
contig-1203000000,NC_003112
contig-170000000,NC_005296
contig-302000000,NC_010546
contig-2320000000,NC_010546
contig-352000000,NC_003112
contig-1545000000,NC_010546
contig-3011000000,NC_010546
contig-1265000000,NC_007404
contig-2413000000,NC_009641
contig-2024000000,NC_005296
contig-2962000000,NC_003112
contig-1361000000,NC_007779
contig-557000000,NC_008555
contig-3003000000,NC_010546
contig-486000000,NC_007779
contig-3211000000,NC_010546
contig-255000000,NC_005296
contig-846000000,NC_005296
contig-215000000,NC_008011
contig-1283000000,NC_005296
contig-627000000,NC_003112
contig-2172000000,NC_003112
contig-406000000,NC_007779
contig-1150000000,NC_010546
contig-2367000000,NC_009637
contig-1149000000,NC_009641
contig-174000000,NC_006582
contig-459000000,NC_008011
contig-1662000000,NC_003112
contig-1843000000,NC_007779
contig-264000000,NC_009641
contig-1466000000,NC_003112
contig-1947000000,NC_003112
contig-131000000,NC_005296
contig-3002000000,NC_006582
contig-3053000000,NC_003112
contig-473000000,NC_007779
contig-325000000,NC_006582
contig-2466000000,NC_010546
contig-269000000,NC_006582
contig-3235000000,NC_005296
contig-3234000000,NC_006582
contig-1529000000,NC_003112
contig-587000000,NC_009641
contig-825000000,NC_010546
contig-2941000000,NC_007404
contig-2526000000,NC_008555
contig-273000000,NC_010546
contig-2837000000,NC_007779
contig-1600000000,NC_007404
contig-181000000,NC_009641
contig-2652000000,NC_009641
contig-2309000000,NC_007779
contig-3006000000,NC_010546
contig-806000000,NC_007404
contig-1379000000,NC_003112
contig-568000000,NC_010546
contig-2512000000,NC_009641
contig-2995000000,NC_009641
contig-2544000000,NC_006582
contig-2234000000,NC_009641
contig-560000000,NC_005296
contig-3187000000,NC_009641
contig-2007000000,NC_006582
contig-2631000000,NC_009637
contig-1596000000,NC_003112
contig-2858000000,NC_006582
contig-1442000000,NC_003112
contig-565000000,NC_005296
contig-3196000000,NC_007404
contig-1719000000,NC_005296
contig-1883000000,NC_009641
contig-2235000000,NC_010546
contig-1861000000,NC_006582
contig-3208000000,NC_005296
contig-1021000000,NC_005296
contig-675000000,NC_007404
contig-1647000000,NC_003112
contig-184000000,NC_007779
contig-2731000000,NC_006582
contig-3170000000,NC_005296
contig-2063000000,NC_006582
contig-22000000,NC_008011
contig-3183000000,NC_010546
contig-2107000000,NC_005296
contig-618000000,NC_005296
contig-415000000,NC_010546
contig-3217000000,NC_005296
contig-1836000000,NC_005296
contig-2060000000,NC_005296
contig-1993000000,NC_003112
contig-1427000000,NC_010546
contig-476000000,NC_005296
contig-21000000,NC_006582
contig-3132000000,NC_009641
contig-326000000,NC_010546
contig-1008000000,NC_003112
contig-1754000000,NC_010546
contig-1834000000,NC_005296
contig-2279000000,NC_009637
contig-389000000,NC_005296
contig-197000000,NC_005296
contig-187000000,NC_010546
contig-510000000,NC_007779
contig-2862000000,NC_010546
contig-2142000000,NC_003112
contig-2898000000,NC_009641
contig-358000000,NC_005296
contig-920000000,NC_010546
contig-2773000000,NC_007404
contig-648000000,NC_006582
contig-2026000000,NC_006582
contig-2948000000,NC_006582
contig-3020000000,NC_003112
contig-120000000,NC_007779
contig-2491000000,NC_006582
contig-2985000000,NC_007779
contig-1577000000,NC_003112
contig-474000000,NC_008555
contig-946000000,NC_005296
contig-1774000000,NC_008011
contig-2376000000,NC_009641
contig-1748000000,NC_005296
contig-156000000,NC_006582
contig-413000000,NC_009637
contig-3068000000,NC_007779
contig-2923000000,NC_008555
contig-2150000000,NC_010546
contig-944000000,NC_006582
contig-2600000000,NC_009641
contig-1310000000,NC_003112
contig-1581000000,NC_010546
contig-339000000,NC_005296
contig-1482000000,NC_007779
contig-3101000000,NC_009641
contig-508000000,NC_010546
contig-2338000000,NC_005296
contig-2874000000,NC_007404
contig-83000000,NC_008555
contig-2084000000,NC_003112
contig-1131000000,NC_005296
contig-1817000000,NC_010546
contig-2238000000,NC_003112
contig-199000000,NC_008555
contig-2480000000,NC_003112
contig-1841000000,NC_005296
contig-1646000000,NC_003112
contig-1148000000,NC_010546
contig-1244000000,NC_003112
contig-377000000,NC_005296
contig-1347000000,NC_003112
contig-2246000000,NC_003112
contig-2430000000,NC_003112
contig-1425000000,NC_005296
contig-863000000,NC_009641
contig-1124000000,NC_007404
contig-1847000000,NC_010546
contig-2162000000,NC_009641
contig-519000000,NC_003112
contig-2684000000,NC_003112
contig-515000000,NC_010546
contig-92000000,NC_007779
contig-333000000,NC_010546
contig-945000000,NC_005296
contig-8000000,NC_006582
contig-2156000000,NC_005296
contig-2748000000,NC_009637
contig-517000000,NC_007779
contig-2218000000,NC_009641
contig-909000000,NC_005296
contig-3174000000,NC_003112
contig-1067000000,NC_007404
contig-3166000000,NC_009641
contig-3188000000,NC_009637
contig-890000000,NC_005296
contig-2695000000,NC_005296
contig-1536000000,NC_005296
contig-1455000000,NC_003112
contig-2585000000,NC_008555
contig-1692000000,NC_003112
contig-115000000,NC_008555
contig-1889000000,NC_003112
contig-236000000,NC_008555
contig-2138000000,NC_010546
contig-1253000000,NC_007779
contig-1720000000,NC_007779
contig-3005000000,NC_009637
contig-81000000,NC_007779
contig-126000000,NC_007779
contig-1575000000,NC_007779
contig-1292000000,NC_005296
contig-2402000000,NC_005296
contig-818000000,NC_007779
contig-1282000000,NC_005296
contig-2192000000,NC_003112
contig-2582000000,NC_008555
contig-2469000000,NC_003112
contig-1324000000,NC_008555
contig-424000000,NC_007404
contig-1707000000,NC_009637
contig-634000000,NC_010546
contig-442000000,NC_008011
contig-2310000000,NC_003112
contig-425000000,NC_008011
contig-351000000,NC_009641
contig-2211000000,NC_010546
contig-1330000000,NC_005296
contig-2785000000,NC_006582
contig-2375000000,NC_003112
contig-697000000,NC_007404
contig-31000000,NC_008011
contig-2734000000,NC_007404
contig-1412000000,NC_003112
contig-1429000000,NC_003112
contig-1053000000,NC_005296
contig-2485000000,NC_003112
contig-1634000000,NC_010546
contig-1755000000,NC_003112
contig-643000000,NC_006582
contig-2055000000,NC_010546
contig-2870000000,NC_005296
contig-1931000000,NC_003112
contig-2625000000,NC_009641
contig-2998000000,NC_005296
contig-401000000,NC_010546
contig-1485000000,NC_007779
contig-3200000000,NC_009641
contig-954000000,NC_005296
contig-1785000000,NC_003112
contig-537000000,NC_005296
contig-761000000,NC_010546
contig-176000000,NC_007404
contig-2475000000,NC_009637
contig-203000000,NC_006582
contig-2920000000,NC_008011
contig-2495000000,NC_009641
contig-2532000000,NC_009637
contig-640000000,NC_005296
contig-2828000000,NC_003112
contig-1456000000,NC_010546
contig-1232000000,NC_007779
contig-898000000,NC_009641
contig-1645000000,NC_007404
contig-2975000000,NC_003112
contig-1256000000,NC_007779
contig-2715000000,NC_009641
contig-2308000000,NC_003112
contig-904000000,NC_010546
contig-1385000000,NC_005296
contig-219000000,NC_010546
contig-1716000000,NC_009641
contig-2206000000,NC_009637
contig-2799000000,NC_010546
contig-2459000000,NC_008011
contig-1000000000,NC_010546
contig-2009000000,NC_003112
contig-1547000000,NC_010546
contig-107000000,NC_007404
contig-3129000000,NC_009641
contig-2950000000,NC_010546
contig-2904000000,NC_006582
contig-527000000,NC_005296
contig-2477000000,NC_007779
contig-3091000000,NC_005296
contig-1491000000,NC_005296
contig-1493000000,NC_005296
contig-369000000,NC_007779
contig-448000000,NC_010546
contig-2728000000,NC_010546
contig-2442000000,NC_009637
contig-2612000000,NC_008555
contig-775000000,NC_005296
contig-596000000,NC_007779
contig-200000000,NC_007779
contig-322000000,NC_010546
contig-654000000,NC_005296
contig-1395000000,NC_007779
contig-2025000000,NC_006582
contig-1542000000,NC_003112
contig-450000000,NC_005296
contig-731000000,NC_009641
contig-2096000000,NC_010546
contig-865000000,NC_003112
contig-2823000000,NC_010546
contig-584000000,NC_007779
contig-368000000,NC_009641
contig-718000000,NC_005296
contig-1167000000,NC_005296
contig-723000000,NC_005296
contig-2013000000,NC_005296
contig-2795000000,NC_007779
contig-1121000000,NC_010546
contig-1944000000,NC_008555
contig-3184000000,NC_003112
contig-2593000000,NC_007404
contig-3119000000,NC_007779
contig-1252000000,NC_010546
contig-1694000000,NC_010546
contig-2572000000,NC_009641
contig-2889000000,NC_003112
contig-1298000000,NC_005296
contig-3105000000,NC_007779
contig-2579000000,NC_003112
contig-1552000000,NC_007779
contig-324000000,NC_005296
contig-64000000,NC_007404
contig-3098000000,NC_010546
contig-2550000000,NC_009641
contig-1111000000,NC_010546
contig-847000000,NC_005296
contig-1918000000,NC_009641
contig-1767000000,NC_003112
contig-1613000000,NC_005296
contig-1538000000,NC_009637
contig-2117000000,NC_007404
contig-693000000,NC_007779
contig-348000000,NC_007404
contig-703000000,NC_010546
contig-1271000000,NC_003112
contig-1424000000,NC_003112
contig-685000000,NC_007779
contig-253000000,NC_005296
contig-2787000000,NC_006582
contig-858000000,NC_003112
contig-2066000000,NC_009641
contig-3148000000,NC_007779
contig-1171000000,NC_010546
contig-1686000000,NC_005296
contig-136000000,NC_007779
contig-2642000000,NC_007404
contig-1987000000,NC_005296
contig-947000000,NC_007779
contig-1989000000,NC_005296
contig-135000000,NC_006582
contig-1269000000,NC_005296
contig-1533000000,NC_010546
contig-2379000000,NC_007404
contig-42000000,NC_008555
contig-2628000000,NC_005296
contig-2515000000,NC_007779
contig-1811000000,NC_003112
contig-471000000,NC_010546
contig-3063000000,NC_007404
contig-1604000000,NC_003112
contig-396000000,NC_005296
contig-913000000,NC_010546
contig-781000000,NC_010546
contig-475000000,NC_005296
contig-1524000000,NC_010546
contig-3124000000,NC_006582
contig-1503000000,NC_005296
contig-304000000,NC_007779
contig-398000000,NC_005296
contig-127000000,NC_009641
contig-561000000,NC_007779
contig-1903000000,NC_009637
contig-3213000000,NC_009637
contig-2906000000,NC_009637
contig-1020000000,NC_003112
contig-2077000000,NC_010546
contig-2779000000,NC_009641
contig-1321000000,NC_010546
contig-548000000,NC_010546
contig-2664000000,NC_009641
contig-716000000,NC_010546
contig-2079000000,NC_005296
contig-2021000000,NC_010546
contig-1209000000,NC_010546
contig-2394000000,NC_009637
contig-117000000,NC_007404
contig-541000000,NC_005296
contig-1933000000,NC_003112
contig-3198000000,NC_006582
contig-2578000000,NC_010546
contig-2778000000,NC_009637
contig-1183000000,NC_007779
contig-544000000,NC_010546
contig-1912000000,NC_010546
contig-1624000000,NC_007779
contig-606000000,NC_003112
contig-547000000,NC_007779
contig-1683000000,NC_003112
contig-2623000000,NC_009637
contig-2316000000,NC_003112
contig-1723000000,NC_003112
contig-1384000000,NC_010546
contig-1924000000,NC_005296
contig-1208000000,NC_010546
contig-1851000000,NC_010546
contig-1182000000,NC_003112
contig-666000000,NC_010546
contig-482000000,NC_006582
contig-972000000,NC_003112
contig-2947000000,NC_010546
contig-532000000,NC_007404
contig-2528000000,NC_009637
contig-188000000,NC_006582
contig-340000000,NC_005296
contig-90000000,NC_009637
contig-1327000000,NC_008555
contig-2113000000,NC_007779
contig-759000000,NC_007779
contig-2072000000,NC_010546
contig-791000000,NC_007779
contig-1433000000,NC_010546
contig-3032000000,NC_008555
contig-2256000000,NC_009641
contig-916000000,NC_007779
contig-347000000,NC_010546
contig-2838000000,NC_007404
contig-957000000,NC_007779
contig-2533000000,NC_007404
contig-1960000000,NC_007779
contig-1054000000,NC_007404
contig-783000000,NC_007779
contig-3054000000,NC_009637
contig-1308000000,NC_010546
contig-1245000000,NC_003112
contig-3048000000,NC_005296
contig-1242000000,NC_005296
contig-1318000000,NC_003112
contig-686000000,NC_007779
contig-1041000000,NC_003112
contig-2118000000,NC_006582
contig-1438000000,NC_008011
contig-3093000000,NC_006582
contig-2481000000,NC_009641
contig-822000000,NC_005296
contig-518000000,NC_007779
contig-1055000000,NC_010546
contig-993000000,NC_003112
contig-2128000000,NC_010546
contig-2756000000,NC_009641
contig-1181000000,NC_009641
contig-1660000000,NC_007779
contig-2505000000,NC_010546
contig-968000000,NC_007779
contig-2126000000,NC_005296
contig-3039000000,NC_009641
contig-2461000000,NC_007404
contig-1127000000,NC_007779
contig-739000000,NC_010546
contig-824000000,NC_007404
contig-538000000,NC_007779
contig-1699000000,NC_005296
contig-1528000000,NC_003112
contig-1239000000,NC_010546
contig-259000000,NC_010546
contig-1781000000,NC_008555
contig-912000000,NC_010546
contig-2556000000,NC_005296
contig-3233000000,NC_003112
contig-939000000,NC_006582
contig-1014000000,NC_005296
contig-157000000,NC_008555
contig-232000000,NC_007779
contig-2573000000,NC_009641
contig-1678000000,NC_005296
contig-310000000,NC_009641
contig-745000000,NC_010546
contig-1423000000,NC_003112
contig-2702000000,NC_010546
contig-1234000000,NC_003112
contig-252000000,NC_005296
contig-1205000000,NC_010546
contig-1954000000,NC_010546
contig-2678000000,NC_009637
contig-864000000,NC_005296
contig-2659000000,NC_010546
contig-467000000,NC_005296
contig-2871000000,NC_005296
contig-410000000,NC_005296
contig-60000000,NC_007404
contig-950000000,NC_010546
contig-3056000000,NC_010546
contig-2723000000,NC_009641
contig-925000000,NC_005296
contig-2534000000,NC_009637
contig-2418000000,NC_007779
contig-1901000000,NC_010546
contig-1106000000,NC_005296
contig-2231000000,NC_010546
contig-3071000000,NC_007779
contig-719000000,NC_007779
contig-1220000000,NC_007779
contig-892000000,NC_010546
contig-2052000000,NC_010546
contig-327000000,NC_008555
contig-645000000,NC_003112
contig-817000000,NC_007779
contig-1480000000,NC_010546
contig-525000000,NC_009641
contig-610000000,NC_005296
contig-1345000000,NC_009641
contig-166000000,NC_007779
contig-2400000000,NC_003112
contig-2144000000,NC_009637
contig-1904000000,NC_010546
contig-1162000000,NC_003112
contig-3240000000,NC_003112
contig-1277000000,NC_007779
contig-36000000,NC_009641
contig-3009000000,NC_005296
contig-1013000000,NC_009641
contig-2071000000,NC_007779
contig-2878000000,NC_007404
contig-2861000000,NC_006582
contig-1325000000,NC_003112
contig-1625000000,NC_005296
contig-412000000,NC_008555
contig-1176000000,NC_007779
contig-262000000,NC_008555
contig-793000000,NC_005296
contig-1270000000,NC_003112
contig-2468000000,NC_009641
contig-2270000000,NC_003112
contig-819000000,NC_005296
contig-1907000000,NC_003112
contig-983000000,NC_007404
contig-2414000000,NC_010546
contig-2336000000,NC_003112
contig-195000000,NC_010546
contig-386000000,NC_009641
contig-2949000000,NC_010546
contig-490000000,NC_008555
contig-1502000000,NC_003112
contig-2198000000,NC_010546
contig-1421000000,NC_005296
contig-2204000000,NC_003112
contig-484000000,NC_005296
contig-1795000000,NC_005296
contig-2524000000,NC_003112
contig-2423000000,NC_005296
contig-1667000000,NC_005296
contig-2980000000,NC_007404
contig-272000000,NC_005296
contig-382000000,NC_007779
contig-1928000000,NC_003112
contig-2217000000,NC_008555
contig-248000000,NC_007404
contig-294000000,NC_006582
contig-2289000000,NC_009637
contig-1995000000,NC_005296
contig-1255000000,NC_003112
contig-1520000000,NC_005296
contig-1896000000,NC_010546
contig-497000000,NC_010546
contig-1122000000,NC_010546
contig-417000000,NC_007779
contig-2223000000,NC_003112
contig-1033000000,NC_007779
contig-3062000000,NC_005296
contig-830000000,NC_005296
contig-2242000000,NC_009637
contig-301000000,NC_007779
contig-2713000000,NC_009637
contig-895000000,NC_005296
contig-402000000,NC_010546
contig-1644000000,NC_003112
contig-2205000000,NC_010546
contig-694000000,NC_003112
contig-1196000000,NC_003112
contig-336000000,NC_007404
contig-940000000,NC_007779
contig-1332000000,NC_007779
contig-1231000000,NC_003112
contig-2396000000,NC_009641
contig-1549000000,NC_003112
contig-2193000000,NC_009637
contig-626000000,NC_007779
contig-1642000000,NC_003112
contig-275000000,NC_008011
contig-1693000000,NC_005296
contig-2415000000,NC_009641
contig-1185000000,NC_010546
contig-1110000000,NC_006582
contig-488000000,NC_005296
contig-1189000000,NC_007779
contig-1727000000,NC_007779
contig-1701000000,NC_009637
contig-3083000000,NC_009641
contig-2925000000,NC_003112
contig-2127000000,NC_006582
contig-2295000000,NC_007779
contig-2454000000,NC_009641
contig-2661000000,NC_009641
contig-971000000,NC_010546
contig-213000000,NC_009641
contig-1322000000,NC_005296
contig-1414000000,NC_003112
contig-153000000,NC_005296
contig-2221000000,NC_007404
contig-3085000000,NC_010546
contig-1996000000,NC_003112
contig-2669000000,NC_006582
contig-63000000,NC_010546
contig-251000000,NC_007779
contig-309000000,NC_009641
contig-2725000000,NC_008011
contig-826000000,NC_007779
contig-346000000,NC_007779
contig-235000000,NC_007779
contig-2460000000,NC_007779
contig-1941000000,NC_009637
contig-2813000000,NC_007404
contig-1691000000,NC_007779
contig-2856000000,NC_005296
contig-794000000,NC_005296
contig-528000000,NC_008011
contig-1909000000,NC_009641
contig-466000000,NC_007779
contig-128000000,NC_010546
contig-593000000,NC_007779
contig-1982000000,NC_007779
contig-2793000000,NC_010546
contig-2955000000,NC_007779
contig-1154000000,NC_010546
contig-1039000000,NC_006582
contig-2588000000,NC_009641
contig-3247000000,NC_007404
contig-585000000,NC_003112
contig-2740000000,NC_006582
contig-279000000,NC_007404
contig-303000000,NC_007404
contig-2849000000,NC_006582
contig-3016000000,NC_006582
contig-1950000000,NC_005296
contig-1599000000,NC_003112
contig-124000000,NC_007779
contig-2671000000,NC_007779
contig-2963000000,NC_005296
contig-2622000000,NC_003112
contig-3035000000,NC_006582
contig-2339000000,NC_005296
contig-2940000000,NC_005296
contig-2966000000,NC_007779
contig-785000000,NC_003112
contig-2307000000,NC_007779
contig-1141000000,NC_009641
contig-1768000000,NC_008011
contig-1081000000,NC_007404
contig-2632000000,NC_003112
contig-549000000,NC_010546
contig-1517000000,NC_003112
contig-1099000000,NC_009641
contig-684000000,NC_009641
contig-1494000000,NC_010546
contig-682000000,NC_005296
contig-2023000000,NC_008555
contig-1823000000,NC_005296
contig-636000000,NC_007779
contig-3049000000,NC_007779
contig-2655000000,NC_006582
contig-1451000000,NC_003112
contig-924000000,NC_007404
contig-853000000,NC_005296
contig-3225000000,NC_010546
contig-1235000000,NC_003112
contig-1408000000,NC_007779
contig-1784000000,NC_003112
contig-3145000000,NC_006582
contig-1515000000,NC_003112
contig-2770000000,NC_007779
contig-1746000000,NC_003112
contig-1917000000,NC_005296
contig-260000000,NC_007779
contig-1955000000,NC_005296
contig-1661000000,NC_005296
contig-2719000000,NC_003112
contig-649000000,NC_007779
contig-2030000000,NC_003112
contig-1977000000,NC_008011
contig-1165000000,NC_005296
contig-2112000000,NC_005296
contig-268000000,NC_007779
contig-1937000000,NC_009637
contig-1598000000,NC_006582
contig-2014000000,NC_010546
contig-2429000000,NC_009641
contig-2909000000,NC_009641
contig-879000000,NC_005296
contig-2676000000,NC_010546
contig-2509000000,NC_010546
contig-79000000,NC_009641
contig-3190000000,NC_009641
contig-2464000000,NC_010546
contig-405000000,NC_005296
contig-1556000000,NC_003112
contig-383000000,NC_005296
contig-290000000,NC_009641
contig-3092000000,NC_007779
contig-2347000000,NC_010546
contig-2919000000,NC_010546
contig-2564000000,NC_009637
contig-361000000,NC_005296
contig-2780000000,NC_010546
contig-1104000000,NC_009641
contig-2853000000,NC_009637
contig-2885000000,NC_010546
contig-145000000,NC_010546
contig-2431000000,NC_007404
contig-961000000,NC_003112
contig-2546000000,NC_009641
contig-1486000000,NC_005296
contig-2944000000,NC_008555
contig-2890000000,NC_009637
contig-2305000000,NC_005296
contig-371000000,NC_005296
contig-571000000,NC_007779
contig-1627000000,NC_007779
contig-354000000,NC_006582
contig-805000000,NC_007779
contig-2597000000,NC_007779
contig-1724000000,NC_010546
contig-2022000000,NC_003112
contig-2101000000,NC_003112
contig-2803000000,NC_006582
contig-2200000000,NC_009637
contig-3245000000,NC_009641
contig-570000000,NC_010546
contig-2807000000,NC_007404
contig-1614000000,NC_010546
contig-1973000000,NC_003112
contig-57000000,NC_007404
contig-2743000000,NC_003112
contig-93000000,NC_007779
contig-222000000,NC_009637
contig-1742000000,NC_003112
contig-2094000000,NC_008555
contig-2596000000,NC_003112
contig-976000000,NC_003112
contig-1508000000,NC_007404
contig-100000000,NC_006582
contig-3231000000,NC_010546
contig-2075000000,NC_009641
contig-2924000000,NC_010546
contig-2190000000,NC_005296
contig-3224000000,NC_007779
contig-2109000000,NC_005296
contig-1470000000,NC_003112
contig-376000000,NC_010546
contig-1056000000,NC_005296
contig-1094000000,NC_005296
contig-2984000000,NC_009641
contig-147000000,NC_007404
contig-715000000,NC_010546
contig-360000000,NC_005296
contig-1085000000,NC_005296
contig-1077000000,NC_010546
contig-711000000,NC_007779
contig-551000000,NC_010546
contig-2716000000,NC_003112
contig-2363000000,NC_010546
contig-2845000000,NC_009637
contig-1550000000,NC_003112
contig-61000000,NC_007779
contig-530000000,NC_010546
contig-2392000000,NC_007404
contig-1641000000,NC_006582
contig-2358000000,NC_005296
contig-1535000000,NC_010546
contig-452000000,NC_007779
contig-1999000000,NC_008555
contig-619000000,NC_010546
contig-11000000,NC_008011
contig-1155000000,NC_005296
contig-1114000000,NC_010546
contig-311000000,NC_008555
contig-2574000000,NC_009641
contig-915000000,NC_007404
contig-2346000000,NC_008555
contig-1658000000,NC_003112
contig-2321000000,NC_009641
contig-2478000000,NC_005296
contig-2482000000,NC_006582
contig-520000000,NC_010546
contig-2587000000,NC_003112
contig-2380000000,NC_010546
contig-2224000000,NC_005296
contig-1812000000,NC_010546
contig-299000000,NC_005296
contig-588000000,NC_005296
contig-2820000000,NC_005296
contig-2877000000,NC_009641
contig-973000000,NC_007779
contig-641000000,NC_003112
contig-1174000000,NC_010546
contig-479000000,NC_005296
contig-3000000000,NC_009641
contig-1560000000,NC_003112
contig-919000000,NC_010546
contig-284000000,NC_005296
contig-1878000000,NC_010546
contig-2037000000,NC_003112
contig-2327000000,NC_007404
contig-493000000,NC_007404
contig-1729000000,NC_009637
contig-2194000000,NC_009641
contig-2751000000,NC_009641
contig-2146000000,NC_003112
contig-720000000,NC_003112
contig-68000000,NC_009641
contig-1382000000,NC_009641
contig-1160000000,NC_005296
contig-1446000000,NC_005296
contig-462000000,NC_010546
contig-1476000000,NC_010546
contig-1534000000,NC_005296
contig-2712000000,NC_003112
contig-1222000000,NC_003112
contig-1825000000,NC_003112
contig-1096000000,NC_007779
contig-1153000000,NC_003112
contig-1435000000,NC_008555
contig-2180000000,NC_009641
contig-3047000000,NC_003112
contig-1628000000,NC_003112
contig-1970000000,NC_003112
contig-3107000000,NC_008011
contig-1313000000,NC_010546
contig-334000000,NC_008555
contig-1192000000,NC_003112
contig-1509000000,NC_005296
contig-20000000,NC_008011
contig-1383000000,NC_003112
contig-2183000000,NC_010546
contig-1597000000,NC_003112
contig-140000000,NC_009641
contig-1468000000,NC_007779
contig-2408000000,NC_009641
contig-601000000,NC_010546
contig-848000000,NC_007779
contig-1743000000,NC_007779
contig-1473000000,NC_003112
contig-3018000000,NC_003112
contig-1844000000,NC_005296
contig-2843000000,NC_006582
contig-3041000000,NC_003112
contig-1068000000,NC_003112
contig-1233000000,NC_005296
contig-1518000000,NC_008011
contig-2891000000,NC_005296
contig-2453000000,NC_010546
contig-1317000000,NC_003112
contig-366000000,NC_010546
contig-605000000,NC_005296
contig-3201000000,NC_003112
contig-1853000000,NC_003112
contig-242000000,NC_005296
contig-3139000000,NC_009637
contig-161000000,NC_009637
contig-1837000000,NC_009637
contig-1609000000,NC_007779
contig-1018000000,NC_003112
contig-616000000,NC_007404
contig-2537000000,NC_009641
contig-859000000,NC_010546
contig-1611000000,NC_007779
contig-1979000000,NC_003112
contig-590000000,NC_010546
contig-3024000000,NC_003112
contig-747000000,NC_010546
contig-1394000000,NC_005296
contig-2087000000,NC_005296
contig-2141000000,NC_003112
contig-2260000000,NC_010546
contig-2595000000,NC_006582
contig-3162000000,NC_010546
contig-2783000000,NC_009641
contig-1095000000,NC_005296
contig-800000000,NC_007779
contig-850000000,NC_010546
contig-2444000000,NC_009637
contig-2497000000,NC_003112
contig-816000000,NC_007404
contig-1481000000,NC_005296
contig-1289000000,NC_009641
contig-1772000000,NC_003112
contig-771000000,NC_010546
contig-228000000,NC_008555
contig-2191000000,NC_005296
contig-212000000,NC_009641
contig-487000000,NC_007779
contig-278000000,NC_008011
contig-13000000,NC_009637
contig-1651000000,NC_007779
contig-2437000000,NC_007779
contig-2390000000,NC_010546
contig-2796000000,NC_010546
contig-2705000000,NC_009637
contig-1337000000,NC_010546
contig-1827000000,NC_009637
contig-1447000000,NC_010546
contig-2518000000,NC_010546
contig-34000000,NC_009641
contig-931000000,NC_003112
contig-1450000000,NC_003112
contig-1874000000,NC_005296
contig-221000000,NC_009641
contig-2993000000,NC_007404
contig-1975000000,NC_007779
contig-539000000,NC_010546
contig-2908000000,NC_005296
contig-2042000000,NC_003112
contig-491000000,NC_010546
contig-1620000000,NC_005296
contig-2425000000,NC_005296
contig-1652000000,NC_005296
contig-1773000000,NC_010546
contig-2970000000,NC_006582
contig-328000000,NC_007779
contig-380000000,NC_010546
contig-3067000000,NC_003112
contig-1745000000,NC_005296
contig-384000000,NC_005296
contig-2085000000,NC_010546
contig-1388000000,NC_007404
contig-2662000000,NC_006582
contig-1976000000,NC_003112
contig-3143000000,NC_010546
contig-2274000000,NC_007404
contig-1323000000,NC_010546
contig-164000000,NC_005296
contig-2325000000,NC_006582
contig-1606000000,NC_007779
contig-989000000,NC_005296
contig-1118000000,NC_003112
contig-2304000000,NC_009641
contig-1281000000,NC_003112
contig-293000000,NC_007779
contig-1567000000,NC_005296
contig-1782000000,NC_005296
contig-3203000000,NC_003112
contig-1262000000,NC_010546
contig-2445000000,NC_009641
contig-3142000000,NC_003112
contig-3100000000,NC_003112
contig-492000000,NC_003112
contig-1643000000,NC_007779
contig-1088000000,NC_005296
contig-2902000000,NC_010546
contig-680000000,NC_008011
contig-2707000000,NC_009637
contig-1030000000,NC_010546
contig-35000000,NC_008011
contig-1714000000,NC_003112
contig-496000000,NC_007779
contig-1888000000,NC_007779
contig-1454000000,NC_003112
contig-1391000000,NC_003112
contig-2360000000,NC_009637
contig-2031000000,NC_005296
contig-1992000000,NC_007779
contig-2311000000,NC_003112
contig-917000000,NC_010546
contig-692000000,NC_005296
contig-350000000,NC_005296
contig-330000000,NC_005296
contig-3244000000,NC_007779
contig-2059000000,NC_003112
contig-431000000,NC_010546
contig-1432000000,NC_009637
contig-2365000000,NC_010546
contig-901000000,NC_003112
contig-3250000000,NC_010546
contig-211000000,NC_009637
contig-289000000,NC_007779
contig-3031000000,NC_005296
contig-1708000000,NC_005296
contig-2371000000,NC_010546
contig-1186000000,NC_010546
contig-2248000000,NC_003112
contig-1695000000,NC_010546
contig-2639000000,NC_006582
contig-660000000,NC_010546
contig-868000000,NC_010546
contig-2735000000,NC_008555
contig-3168000000,NC_005296
contig-109000000,NC_005296
contig-2067000000,NC_008555
contig-929000000,NC_003112
contig-2143000000,NC_003112
contig-1462000000,NC_005296
contig-353000000,NC_009637
contig-2281000000,NC_009637
contig-229000000,NC_005296
contig-1243000000,NC_003112
contig-2952000000,NC_009637
contig-1376000000,NC_005296
contig-2772000000,NC_003112
contig-1287000000,NC_003112
contig-2590000000,NC_006582
contig-2992000000,NC_003112
contig-1926000000,NC_010546
contig-104000000,NC_007779
contig-708000000,NC_005296
contig-2470000000,NC_010546
contig-743000000,NC_009637
contig-776000000,NC_007779
contig-1595000000,NC_008555
contig-1586000000,NC_009641
contig-1254000000,NC_010546
contig-2276000000,NC_010546
contig-1315000000,NC_007779
contig-387000000,NC_005296
contig-2337000000,NC_010546
contig-167000000,NC_007779
contig-2615000000,NC_009641
contig-2742000000,NC_010546
contig-2302000000,NC_007779
contig-1593000000,NC_003112
contig-1409000000,NC_010546
contig-50000000,NC_008555
contig-899000000,NC_005296
contig-2586000000,NC_005296
contig-498000000,NC_005296
contig-2002000000,NC_007779
contig-419000000,NC_006582
contig-706000000,NC_003112
contig-2939000000,NC_008555
contig-263000000,NC_007779
contig-790000000,NC_005296
contig-1732000000,NC_009641
contig-407000000,NC_010546
contig-205000000,NC_008011
contig-1717000000,NC_005296
contig-1440000000,NC_003112
contig-752000000,NC_010546
contig-751000000,NC_003112
contig-2196000000,NC_003112
contig-423000000,NC_005296
contig-62000000,NC_006582
contig-1241000000,NC_010546
contig-1574000000,NC_009641
contig-2999000000,NC_009641
contig-550000000,NC_008011
contig-722000000,NC_003112
contig-1031000000,NC_006582
contig-2501000000,NC_003112
contig-1507000000,NC_005296
contig-1525000000,NC_007404
contig-1734000000,NC_008555
contig-540000000,NC_003112
contig-1516000000,NC_007404
contig-2086000000,NC_005296
contig-843000000,NC_005296
contig-1071000000,NC_007779
contig-1891000000,NC_003112
contig-504000000,NC_010546
contig-1475000000,NC_003112
contig-1201000000,NC_007779
contig-3121000000,NC_009641
contig-225000000,NC_010546
contig-395000000,NC_007404
contig-1016000000,NC_003112
contig-2650000000,NC_005296
contig-2334000000,NC_010546
contig-2061000000,NC_003112
contig-982000000,NC_010546
contig-2954000000,NC_010546
contig-2589000000,NC_008011
contig-337000000,NC_007779
contig-2672000000,NC_006582
contig-2641000000,NC_008555
contig-764000000,NC_003112
contig-40000000,NC_006582
contig-3179000000,NC_010546
contig-110000000,NC_007404
contig-2644000000,NC_009637
contig-1564000000,NC_003112
contig-592000000,NC_007779
contig-362000000,NC_010546
contig-2038000000,NC_010546
contig-1363000000,NC_005296
contig-872000000,NC_005296
contig-2733000000,NC_003112
contig-754000000,NC_007779
contig-2829000000,NC_010546
contig-1882000000,NC_010546
contig-1770000000,NC_007779
contig-1605000000,NC_005296
contig-80000000,NC_009637
contig-1047000000,NC_010546
contig-1703000000,NC_005296
contig-2724000000,NC_010546
contig-3182000000,NC_006582
contig-1178000000,NC_003112
contig-2378000000,NC_009641
contig-1578000000,NC_005296
contig-82000000,NC_006582
contig-2886000000,NC_009641
contig-1443000000,NC_003112
contig-2901000000,NC_008555
contig-1800000000,NC_007404
contig-1065000000,NC_003112
contig-2750000000,NC_006582
contig-2082000000,NC_005296
contig-2292000000,NC_007779
contig-1871000000,NC_005296
contig-1919000000,NC_003112
contig-2271000000,NC_005296
contig-111000000,NC_010546
contig-363000000,NC_009641
contig-2435000000,NC_010546
contig-2583000000,NC_008011
contig-1472000000,NC_007779
contig-1938000000,NC_003112
contig-3155000000,NC_008555
contig-838000000,NC_003112
contig-3212000000,NC_009641
contig-1869000000,NC_010546
contig-2278000000,NC_003112
contig-1715000000,NC_005296
contig-2010000000,NC_003112
contig-2675000000,NC_009641
contig-3246000000,NC_003112
contig-2690000000,NC_009637
contig-623000000,NC_005296
contig-3036000000,NC_008555
contig-725000000,NC_005296
contig-1146000000,NC_007779
contig-3254000000,NC_007404
contig-2757000000,NC_003112
contig-2881000000,NC_007404
contig-105000000,NC_010546
contig-2788000000,NC_010546
contig-1082000000,NC_010546
contig-132000000,NC_008011
contig-1923000000,NC_003112
contig-1267000000,NC_005296
contig-422000000,NC_008555
contig-2873000000,NC_009641
contig-1090000000,NC_010546
contig-2318000000,NC_009641
contig-598000000,NC_010546
contig-3157000000,NC_010546
contig-3242000000,NC_003112
contig-943000000,NC_010546
contig-2562000000,NC_003112
contig-629000000,NC_005296
contig-3013000000,NC_010546
contig-2761000000,NC_006582
contig-2322000000,NC_010546
contig-2997000000,NC_009641
contig-449000000,NC_009641
contig-2576000000,NC_007779
contig-1576000000,NC_007779
contig-2448000000,NC_005296
contig-1492000000,NC_010546
contig-1504000000,NC_003112
contig-2222000000,NC_003112
contig-2868000000,NC_006582
contig-1142000000,NC_010546
contig-1986000000,NC_006582
contig-613000000,NC_009641
contig-2850000000,NC_003112
contig-511000000,NC_010546
contig-1108000000,NC_005296
contig-2626000000,NC_007404
contig-2028000000,NC_007779
contig-2471000000,NC_005296
contig-614000000,NC_010546
contig-2710000000,NC_009637
contig-1091000000,NC_007404
contig-1704000000,NC_010546
contig-755000000,NC_007779
contig-2915000000,NC_006582
contig-1546000000,NC_003112
contig-3052000000,NC_003112
contig-370000000,NC_010546
contig-1378000000,NC_003112
contig-2088000000,NC_010546
contig-887000000,NC_007779
contig-3154000000,NC_006582
contig-782000000,NC_003112
contig-814000000,NC_005296
contig-74000000,NC_006582
contig-365000000,NC_007404
contig-438000000,NC_010546
contig-1019000000,NC_007779
contig-903000000,NC_006582
contig-1136000000,NC_009641
contig-2130000000,NC_007779
contig-750000000,NC_007779
contig-839000000,NC_003112
contig-1796000000,NC_010546
contig-1512000000,NC_007779
contig-247000000,NC_007779
contig-3065000000,NC_010546
contig-3239000000,NC_010546
contig-1198000000,NC_003112
contig-2374000000,NC_009637
contig-2769000000,NC_009641
contig-1227000000,NC_003112
contig-2314000000,NC_010546
contig-2798000000,NC_003112
contig-3249000000,NC_006582
contig-737000000,NC_007779
contig-2416000000,NC_005296
contig-1649000000,NC_007779
contig-1953000000,NC_010546
contig-2344000000,NC_009641
contig-1771000000,NC_003112
contig-1543000000,NC_005296
contig-3222000000,NC_008555
contig-172000000,NC_009641
contig-3221000000,NC_006582
contig-1949000000,NC_006582
contig-1779000000,NC_003112
contig-3159000000,NC_005296
contig-1073000000,NC_010546
contig-652000000,NC_003112
contig-1463000000,NC_003112
contig-2050000000,NC_003112
contig-2199000000,NC_005296
contig-1010000000,NC_005296
contig-1876000000,NC_005296
contig-3163000000,NC_005296
contig-129000000,NC_007779
contig-3117000000,NC_007779
contig-2399000000,NC_009641
contig-2859000000,NC_009641
contig-192000000,NC_009637
contig-2882000000,NC_010546
contig-2746000000,NC_006582
contig-2147000000,NC_003112
contig-1291000000,NC_010546
contig-2867000000,NC_010546
contig-881000000,NC_005296
contig-2348000000,NC_010546
contig-1640000000,NC_005296
contig-3138000000,NC_003112
contig-2479000000,NC_008555
contig-2273000000,NC_005296
contig-1434000000,NC_007779
contig-1484000000,NC_005296
contig-2598000000,NC_008555
contig-2203000000,NC_005296
contig-2472000000,NC_003112
contig-1288000000,NC_009637
contig-3084000000,NC_005296
contig-2313000000,NC_010546
contig-165000000,NC_007779
contig-2123000000,NC_009641
contig-2709000000,NC_007404
contig-2372000000,NC_009641
contig-807000000,NC_009641
contig-2251000000,NC_010546
contig-2401000000,NC_007404
contig-3082000000,NC_010546
contig-1951000000,NC_007779
contig-3015000000,NC_009641
contig-3255000000,NC_010546
contig-305000000,NC_005296
contig-1119000000,NC_010546
contig-37000000,NC_005296
contig-3038000000,NC_003112
contig-2896000000,NC_003112
contig-478000000,NC_005296
contig-2552000000,NC_007404
contig-1859000000,NC_010546
contig-44000000,NC_008011
contig-2097000000,NC_010546
contig-427000000,NC_010546
contig-2122000000,NC_009641
contig-3151000000,NC_009641
contig-2717000000,NC_009641
contig-978000000,NC_005296
contig-359000000,NC_008011
contig-1343000000,NC_005296
contig-1132000000,NC_003112
contig-2801000000,NC_010546
contig-1872000000,NC_009641
contig-65000000,NC_008011
contig-1798000000,NC_008555
contig-1927000000,NC_007404
contig-178000000,NC_007404
contig-26000000,NC_005296
contig-2558000000,NC_007404
contig-1816000000,NC_003112
contig-2609000000,NC_009637
contig-3042000000,NC_005296
contig-2592000000,NC_009641
contig-1672000000,NC_008555
contig-2839000000,NC_009641
contig-2455000000,NC_010546
contig-600000000,NC_007779
contig-1966000000,NC_005296
contig-2219000000,NC_009637
contig-7000000,NC_009637
contig-672000000,NC_005296
contig-820000000,NC_003112
contig-2666000000,NC_006582
contig-1551000000,NC_010546
contig-624000000,NC_010546
contig-556000000,NC_007779
contig-2921000000,NC_006582
contig-2928000000,NC_005296
contig-399000000,NC_005296
contig-1362000000,NC_007779
contig-257000000,NC_006582
contig-2106000000,NC_003112
contig-315000000,NC_009641
contig-1572000000,NC_005296
contig-981000000,NC_007779
contig-3094000000,NC_008011
contig-1677000000,NC_003112
contig-2051000000,NC_006582
contig-2411000000,NC_010546
contig-2857000000,NC_006582
contig-1783000000,NC_003112
contig-1102000000,NC_006582
contig-59000000,NC_007404
contig-250000000,NC_007779
contig-1261000000,NC_003112
contig-1813000000,NC_005296
contig-676000000,NC_007404
contig-1365000000,NC_008011
contig-1887000000,NC_003112
contig-1445000000,NC_003112
contig-1962000000,NC_007779
contig-1381000000,NC_005296
contig-1175000000,NC_007779
contig-1985000000,NC_005296
contig-3122000000,NC_005296
contig-3223000000,NC_009637
contig-796000000,NC_009641
contig-1685000000,NC_003112
contig-1815000000,NC_003112
contig-2350000000,NC_006582
contig-766000000,NC_007779
contig-1040000000,NC_003112
contig-1278000000,NC_010546
contig-1043000000,NC_003112
contig-908000000,NC_007779
contig-2419000000,NC_003112
contig-2228000000,NC_009637
contig-2525000000,NC_009637
contig-3120000000,NC_003112
contig-2929000000,NC_009641
contig-1895000000,NC_010546
contig-1866000000,NC_007779
contig-2262000000,NC_006582
contig-2976000000,NC_003112
contig-995000000,NC_005296
contig-1357000000,NC_005296
contig-1890000000,NC_003112
contig-3025000000,NC_010546
contig-2427000000,NC_007404
contig-545000000,NC_007779
contig-2249000000,NC_003112
contig-1721000000,NC_009637
contig-1929000000,NC_005296
contig-1080000000,NC_010546
contig-2943000000,NC_006582
contig-2243000000,NC_009641
contig-48000000,NC_006582
contig-2760000000,NC_005296
contig-265000000,NC_008555
contig-2516000000,NC_009641
contig-744000000,NC_009641
contig-2821000000,NC_003112
contig-579000000,NC_007779
contig-709000000,NC_006582
contig-1616000000,NC_003112
contig-2764000000,NC_007404
contig-47000000,NC_007779
contig-144000000,NC_010546
contig-842000000,NC_010546
contig-780000000,NC_005296
contig-2095000000,NC_009641
contig-1778000000,NC_003112
contig-226000000,NC_006582
contig-1829000000,NC_010546
contig-2462000000,NC_010546
contig-827000000,NC_010546
contig-501000000,NC_005296
contig-2068000000,NC_008555
contig-2441000000,NC_003112
contig-2148000000,NC_007404
contig-2446000000,NC_005296
contig-1390000000,NC_005296
contig-1273000000,NC_010546
contig-3027000000,NC_010546
contig-1698000000,NC_007779
contig-102000000,NC_008555
contig-869000000,NC_010546
contig-529000000,NC_005296
contig-2607000000,NC_009641
contig-3237000000,NC_009641
contig-688000000,NC_007779
contig-2935000000,NC_010546
contig-834000000,NC_007779
contig-3165000000,NC_008011
contig-669000000,NC_006582
contig-3099000000,NC_009641
contig-446000000,NC_007404
contig-2158000000,NC_005296
contig-2646000000,NC_003112
contig-1035000000,NC_010546
contig-1460000000,NC_005296
contig-607000000,NC_007779
contig-2173000000,NC_005296
contig-1057000000,NC_003112
contig-1998000000,NC_005296
contig-772000000,NC_010546
contig-85000000,NC_008555
contig-1842000000,NC_007404
contig-2434000000,NC_010546
contig-1762000000,NC_005296
contig-792000000,NC_010546
contig-1037000000,NC_007779
contig-1791000000,NC_003112
contig-190000000,NC_009641
contig-2326000000,NC_003112
contig-3081000000,NC_009641
contig-283000000,NC_007779
contig-316000000,NC_007779
contig-2720000000,NC_009637
contig-2982000000,NC_010546
contig-1331000000,NC_010546
contig-837000000,NC_010546
contig-2395000000,NC_010546
contig-1697000000,NC_010546
contig-6000000,NC_006582
contig-3079000000,NC_007779
contig-1637000000,NC_005296
contig-628000000,NC_006582
contig-292000000,NC_007779
contig-700000000,NC_003112
contig-2648000000,NC_010546
contig-2409000000,NC_003112
contig-2170000000,NC_010546
contig-2073000000,NC_009637
contig-489000000,NC_007779
contig-810000000,NC_005296
contig-378000000,NC_009641
contig-1193000000,NC_005296
contig-3193000000,NC_003112
contig-1544000000,NC_005296
contig-2432000000,NC_006582
contig-1159000000,NC_003112
contig-1190000000,NC_003112
contig-2603000000,NC_009641
contig-98000000,NC_010546
contig-3074000000,NC_006582
contig-349000000,NC_007404
contig-2503000000,NC_003112
contig-3001000000,NC_009641
contig-1156000000,NC_009641
contig-815000000,NC_010546
contig-56000000,NC_008011
contig-773000000,NC_007779
contig-874000000,NC_006582
contig-798000000,NC_010546
contig-2332000000,NC_008555
contig-3209000000,NC_009637
contig-1830000000,NC_010546
contig-224000000,NC_010546
contig-1526000000,NC_005296
contig-1688000000,NC_003112
contig-963000000,NC_003112
contig-2195000000,NC_008555
contig-2876000000,NC_009637
contig-2895000000,NC_010546
contig-2956000000,NC_006582
contig-563000000,NC_010546
contig-667000000,NC_003112
contig-408000000,NC_005296
contig-2730000000,NC_003112
contig-1587000000,NC_008555
contig-990000000,NC_010546
contig-1618000000,NC_005296
contig-2804000000,NC_006582
contig-3207000000,NC_009637
contig-1991000000,NC_008011
contig-712000000,NC_003112
contig-1135000000,NC_007779
contig-2383000000,NC_007779
contig-2229000000,NC_008555
contig-388000000,NC_005296
contig-2869000000,NC_009637
contig-883000000,NC_005296
contig-2507000000,NC_008011
contig-1387000000,NC_005296
contig-832000000,NC_010546
contig-1051000000,NC_003112
contig-1366000000,NC_010546
contig-198000000,NC_007404
contig-2679000000,NC_009641
contig-1360000000,NC_005296
contig-2782000000,NC_009641
contig-2937000000,NC_005296
contig-1730000000,NC_008011
contig-154000000,NC_009637
contig-2968000000,NC_010546
contig-620000000,NC_006582
contig-3059000000,NC_008555
contig-1915000000,NC_007779
contig-2863000000,NC_005296
contig-2913000000,NC_009641
contig-2149000000,NC_010546
contig-2287000000,NC_003112
contig-1439000000,NC_007779
contig-142000000,NC_009637
contig-1877000000,NC_003112
contig-742000000,NC_010546
contig-2463000000,NC_006582
contig-1197000000,NC_003112
contig-2732000000,NC_009641
contig-1713000000,NC_009637
contig-900000000,NC_010546
contig-729000000,NC_005296
contig-2967000000,NC_007404
contig-2317000000,NC_005296
contig-844000000,NC_003112
contig-2080000000,NC_005296
contig-3095000000,NC_010546
contig-2893000000,NC_006582
contig-2186000000,NC_003112
contig-1854000000,NC_010546
contig-183000000,NC_007779
contig-2538000000,NC_009641
contig-75000000,NC_005296
contig-214000000,NC_008555
contig-505000000,NC_005296
contig-1787000000,NC_003112
contig-2633000000,NC_006582
contig-430000000,NC_005296
contig-3228000000,NC_010546
contig-2549000000,NC_005296
contig-1044000000,NC_007779
contig-1274000000,NC_007404
contig-2765000000,NC_009641
contig-3191000000,NC_007779
contig-3076000000,NC_003112
contig-159000000,NC_008011
contig-465000000,NC_005296
contig-1705000000,NC_005296
contig-611000000,NC_010546
contig-1295000000,NC_003112
contig-1436000000,NC_003112
contig-1656000000,NC_005296
contig-271000000,NC_009641
contig-1862000000,NC_009641
contig-923000000,NC_007779
contig-1810000000,NC_003112
contig-1527000000,NC_003112
contig-1668000000,NC_008555
contig-86000000,NC_010546
contig-355000000,NC_010546
contig-1579000000,NC_010546
contig-1217000000,NC_005296
contig-2328000000,NC_003112
contig-2791000000,NC_010546
contig-1260000000,NC_010546
contig-367000000,NC_007779
contig-1804000000,NC_008011
contig-1884000000,NC_008011
contig-1370000000,NC_008555
contig-3070000000,NC_010546
contig-683000000,NC_010546
contig-576000000,NC_007404
contig-1259000000,NC_008555
contig-2424000000,NC_005296
contig-736000000,NC_009641
contig-241000000,NC_009641
contig-433000000,NC_005296
contig-2688000000,NC_009641
contig-96000000,NC_009641
contig-2366000000,NC_007779
contig-2489000000,NC_005296
contig-2883000000,NC_003112
contig-2213000000,NC_003112
contig-2627000000,NC_010546
contig-1808000000,NC_003112
contig-2749000000,NC_005296
contig-2819000000,NC_005296
contig-762000000,NC_006582
contig-612000000,NC_005296
contig-2102000000,NC_010546
contig-1213000000,NC_003112
contig-182000000,NC_007779
contig-409000000,NC_009641
contig-1029000000,NC_003112
contig-1145000000,NC_005296
contig-1275000000,NC_006582
contig-559000000,NC_010546
contig-1964000000,NC_003112
contig-1058000000,NC_003112
contig-562000000,NC_005296
contig-2510000000,NC_008011
contig-2521000000,NC_007779
contig-54000000,NC_007779
contig-1004000000,NC_005296
contig-495000000,NC_005296
contig-1997000000,NC_003112
contig-2697000000,NC_006582
contig-2887000000,NC_009641
contig-1856000000,NC_009637
contig-991000000,NC_003112
contig-1942000000,NC_005296
contig-494000000,NC_010546
contig-1802000000,NC_003112
contig-2370000000,NC_003112
contig-1369000000,NC_007779
contig-2899000000,NC_010546
contig-15000000,NC_008555
contig-1228000000,NC_010546
contig-411000000,NC_010546
contig-1935000000,NC_003112
contig-2352000000,NC_007404
contig-1588000000,NC_005296
contig-2806000000,NC_010546
contig-1299000000,NC_003112
contig-3177000000,NC_006582
contig-2100000000,NC_007779
contig-2041000000,NC_003112
contig-2333000000,NC_010546
contig-1180000000,NC_010546
contig-746000000,NC_003112
contig-2255000000,NC_003112
contig-2611000000,NC_008011
contig-1161000000,NC_003112
contig-1005000000,NC_005296
contig-1200000000,NC_010546
contig-2125000000,NC_009641
contig-1631000000,NC_010546
contig-2879000000,NC_009637
contig-967000000,NC_007779
contig-2136000000,NC_009641
contig-738000000,NC_005296
contig-2341000000,NC_008555
contig-1913000000,NC_003112
contig-244000000,NC_010546
contig-1258000000,NC_010546
contig-1251000000,NC_003112
contig-2207000000,NC_003112
contig-1218000000,NC_003112
contig-1407000000,NC_009641
contig-1610000000,NC_009641
contig-1674000000,NC_010546
contig-319000000,NC_005296
contig-2900000000,NC_009637
contig-472000000,NC_006582
contig-2152000000,NC_008011
contig-1464000000,NC_009637
contig-1172000000,NC_007779
contig-2737000000,NC_009641
contig-2691000000,NC_003112
contig-1250000000,NC_005296
contig-1971000000,NC_010546
contig-1123000000,NC_006582
contig-748000000,NC_008011
contig-1824000000,NC_010546
contig-2116000000,NC_005296
contig-3023000000,NC_003112
contig-163000000,NC_010546
contig-1863000000,NC_008555
contig-1467000000,NC_009637
contig-897000000,NC_007779
contig-2776000000,NC_008555
contig-977000000,NC_005296
contig-1286000000,NC_003112
contig-210000000,NC_006582
contig-1786000000,NC_007779
contig-2404000000,NC_010546
contig-1374000000,NC_010546
contig-168000000,NC_007779
contig-1914000000,NC_007779
contig-58000000,NC_008555
contig-95000000,NC_009641
contig-4000000,NC_006582
contig-2842000000,NC_009637
contig-970000000,NC_010546
contig-2768000000,NC_008555
contig-1329000000,NC_003112
contig-2736000000,NC_007779
contig-1735000000,NC_003112
contig-3128000000,NC_003112
contig-3080000000,NC_007404
contig-2398000000,NC_005296
contig-975000000,NC_007779
contig-1897000000,NC_005296
contig-655000000,NC_007779
contig-2848000000,NC_009641
contig-477000000,NC_009637
contig-2508000000,NC_009641
contig-233000000,NC_005296
contig-2008000000,NC_010546
contig-2722000000,NC_003112
contig-871000000,NC_003112
contig-3043000000,NC_009641
contig-1967000000,NC_003112
contig-357000000,NC_008555
contig-2855000000,NC_008555
contig-3144000000,NC_009637
contig-2056000000,NC_010546
contig-99000000,NC_010546
contig-1750000000,NC_003112
contig-1922000000,NC_005296
contig-880000000,NC_010546
contig-630000000,NC_007404
contig-3021000000,NC_010546
contig-2245000000,NC_007779
contig-621000000,NC_003112
contig-2386000000,NC_009641
contig-1666000000,NC_003112
contig-2412000000,NC_010546
contig-1120000000,NC_003112
contig-2240000000,NC_009641
contig-997000000,NC_005296
contig-1401000000,NC_009637
contig-18000000,NC_009637
contig-1036000000,NC_010546
contig-1881000000,NC_003112
contig-3238000000,NC_009641
contig-2978000000,NC_007779
contig-657000000,NC_010546
contig-778000000,NC_007779
contig-1034000000,NC_003112
contig-1406000000,NC_010546
contig-1983000000,NC_010546
contig-1249000000,NC_010546
contig-2994000000,NC_009637
contig-2092000000,NC_009641
contig-1591000000,NC_010546
contig-443000000,NC_005296
contig-1948000000,NC_003112
contig-2300000000,NC_009641
contig-1169000000,NC_010546
contig-2645000000,NC_003112
contig-2175000000,NC_006582
contig-670000000,NC_005296
contig-1865000000,NC_009637
contig-1410000000,NC_010546
contig-509000000,NC_010546
contig-2356000000,NC_010546
contig-3106000000,NC_006582
contig-678000000,NC_009641
contig-1187000000,NC_005296
contig-76000000,NC_006582
contig-1718000000,NC_010546
contig-2212000000,NC_010546
contig-12000000,NC_008011
contig-141000000,NC_010546
contig-1902000000,NC_003112
contig-1137000000,NC_003112
contig-984000000,NC_005296
contig-3230000000,NC_009637
contig-1799000000,NC_003112
contig-553000000,NC_005296
contig-1072000000,NC_010546
contig-2665000000,NC_003112
contig-687000000,NC_007779
contig-1814000000,NC_009637
contig-2721000000,NC_010546
contig-1133000000,NC_005296
contig-1207000000,NC_006582
contig-1130000000,NC_003112
contig-1498000000,NC_009641
contig-208000000,NC_006582
contig-2522000000,NC_009637
contig-1025000000,NC_005296
contig-16000000,NC_007404
contig-2046000000,NC_003112
contig-2342000000,NC_008555
contig-1916000000,NC_005296
contig-196000000,NC_009641
contig-1850000000,NC_010546
contig-1760000000,NC_006582
contig-653000000,NC_003112
contig-1297000000,NC_008555
contig-932000000,NC_007779
contig-2450000000,NC_003112
contig-2914000000,NC_006582
contig-2000000,NC_006582
contig-3069000000,NC_010546
contig-2833000000,NC_009641
contig-1453000000,NC_010546
contig-1237000000,NC_005296
contig-1074000000,NC_010546
contig-2487000000,NC_010546
contig-795000000,NC_009641
contig-49000000,NC_006582
contig-2605000000,NC_009641
contig-2790000000,NC_008011
contig-460000000,NC_008555
contig-3241000000,NC_009641
contig-2015000000,NC_007779
contig-0,NC_008555
contig-162000000,NC_007404
contig-1348000000,NC_006582
contig-1619000000,NC_009637
contig-893000000,NC_010546
contig-2571000000,NC_010546
contig-2805000000,NC_010546
contig-3226000000,NC_010546
contig-2364000000,NC_010546
contig-1711000000,NC_003112
contig-2542000000,NC_010546
contig-2438000000,NC_009641
contig-2706000000,NC_006582
contig-3251000000,NC_010546
contig-808000000,NC_007779
contig-439000000,NC_009637
contig-1173000000,NC_009637
contig-1179000000,NC_005296
contig-1764000000,NC_010546
contig-1052000000,NC_003112
contig-3029000000,NC_005296
contig-1709000000,NC_010546
contig-285000000,NC_010546
contig-1679000000,NC_005296
contig-2942000000,NC_003112
contig-2018000000,NC_007779
contig-267000000,NC_007404
contig-2303000000,NC_007779
contig-3034000000,NC_010546
contig-2866000000,NC_009641
contig-2110000000,NC_010546
contig-2554000000,NC_003112
contig-457000000,NC_003112
contig-2930000000,NC_010546
contig-526000000,NC_010546
contig-699000000,NC_010546
contig-2486000000,NC_010546
contig-2988000000,NC_009641
contig-1079000000,NC_010546
contig-447000000,NC_010546
contig-1303000000,NC_010546
contig-2268000000,NC_007779
contig-1017000000,NC_010546
contig-392000000,NC_006582
contig-647000000,NC_010546
contig-902000000,NC_010546
contig-2729000000,NC_003112
contig-1266000000,NC_007779
contig-108000000,NC_005296
contig-2157000000,NC_009641
contig-1583000000,NC_003112
contig-2638000000,NC_007404
contig-985000000,NC_003112
contig-1089000000,NC_005296
contig-1221000000,NC_005296
contig-1415000000,NC_007779
contig-896000000,NC_010546
contig-3045000000,NC_010546
contig-1380000000,NC_003112
contig-753000000,NC_007779
contig-823000000,NC_006582
contig-1046000000,NC_007779
contig-1359000000,NC_009641
contig-1314000000,NC_009641
contig-332000000,NC_005296
contig-2739000000,NC_003112
contig-373000000,NC_007404
contig-2681000000,NC_010546
contig-535000000,NC_006582
contig-1506000000,NC_005296
contig-2267000000,NC_010546
contig-245000000,NC_007779
contig-1483000000,NC_010546
contig-1495000000,NC_006582
contig-2171000000,NC_010546
contig-2926000000,NC_009641
contig-1092000000,NC_005296
contig-3075000000,NC_009641
contig-671000000,NC_010546
contig-674000000,NC_005296
contig-1496000000,NC_005296
contig-1819000000,NC_010546
contig-1115000000,NC_010546
contig-1731000000,NC_005296
contig-835000000,NC_003112
contig-2119000000,NC_007779
contig-2017000000,NC_010546
contig-468000000,NC_005296
contig-1763000000,NC_005296
contig-2155000000,NC_003112
contig-2049000000,NC_009637
contig-3236000000,NC_009641
contig-186000000,NC_006582
contig-2197000000,NC_010546
contig-1756000000,NC_010546
contig-1848000000,NC_007779
contig-1820000000,NC_010546
contig-1766000000,NC_008555
contig-1554000000,NC_008011
contig-2091000000,NC_009641
contig-3058000000,NC_006582
contig-2986000000,NC_003112
contig-143000000,NC_008555
contig-591000000,NC_009641
contig-1665000000,NC_005296
contig-701000000,NC_007779
contig-2903000000,NC_008555
contig-1530000000,NC_007404
contig-2237000000,NC_010546
contig-2036000000,NC_005296
contig-1461000000,NC_005296
contig-2673000000,NC_003112
contig-2407000000,NC_007779
contig-2797000000,NC_003112
contig-2696000000,NC_008011
contig-928000000,NC_010546
contig-1477000000,NC_005296
contig-1908000000,NC_003112
contig-3181000000,NC_009641
contig-1655000000,NC_007779
contig-1285000000,NC_003112
contig-2226000000,NC_008555
contig-2763000000,NC_009637
contig-597000000,NC_005296
contig-2504000000,NC_010546
contig-1219000000,NC_010546
contig-2557000000,NC_009641
contig-2693000000,NC_010546
contig-1790000000,NC_005296
contig-2916000000,NC_009641
contig-741000000,NC_007779
contig-1211000000,NC_005296
contig-1648000000,NC_005296
contig-2656000000,NC_009637
contig-1371000000,NC_003112
contig-3150000000,NC_005296
contig-2841000000,NC_009637
contig-125000000,NC_010546
contig-1474000000,NC_003112
contig-936000000,NC_006582
contig-2252000000,NC_003112
contig-3206000000,NC_003112
contig-2826000000,NC_006582
contig-2781000000,NC_007404
contig-1105000000,NC_003112
contig-1426000000,NC_003112
contig-1042000000,NC_003112
contig-2154000000,NC_003112
contig-2827000000,NC_003112
contig-1199000000,NC_009641
contig-1945000000,NC_007779
contig-2752000000,NC_003112
contig-992000000,NC_008011
contig-1001000000,NC_003112
contig-3149000000,NC_009641
contig-513000000,NC_005296
contig-169000000,NC_007779
contig-2535000000,NC_009641
contig-2315000000,NC_010546
contig-1892000000,NC_005296
contig-287000000,NC_005296
contig-2362000000,NC_009637
contig-3050000000,NC_010546
contig-2062000000,NC_009641
contig-23000000,NC_006582
contig-1263000000,NC_007779
contig-1147000000,NC_010546
contig-2483000000,NC_009641
contig-2263000000,NC_009641
contig-2335000000,NC_007779
contig-506000000,NC_010546
contig-3127000000,NC_007779
contig-1093000000,NC_010546
contig-1372000000,NC_003112
contig-867000000,NC_005296
contig-831000000,NC_005296
contig-2577000000,NC_003112
contig-2493000000,NC_007404
contig-856000000,NC_007779
contig-2514000000,NC_007779
contig-1448000000,NC_005296
contig-1428000000,NC_007404
contig-148000000,NC_005296
contig-1833000000,NC_009641
contig-2104000000,NC_007779
contig-1319000000,NC_007779
contig-1932000000,NC_003112
contig-2421000000,NC_009641
contig-1457000000,NC_005296
contig-2447000000,NC_010546
contig-2959000000,NC_003112
contig-1636000000,NC_003112
contig-2040000000,NC_005296
contig-580000000,NC_003112
contig-2132000000,NC_005296
contig-1794000000,NC_003112
contig-1514000000,NC_010546
contig-2208000000,NC_009637
contig-1437000000,NC_003112
contig-240000000,NC_010546
contig-1307000000,NC_005296
contig-1465000000,NC_008555
contig-416000000,NC_005296
contig-609000000,NC_007404
contig-5000000,NC_006582
contig-1204000000,NC_003112
contig-721000000,NC_009637
contig-3175000000,NC_009641
contig-2692000000,NC_010546
contig-2660000000,NC_009641
contig-345000000,NC_007779
contig-554000000,NC_007779
contig-3160000000,NC_005296
contig-2064000000,NC_008555
contig-1684000000,NC_005296
contig-1349000000,NC_003112
contig-2133000000,NC_003112
contig-282000000,NC_007779
contig-2884000000,NC_005296
contig-2043000000,NC_005296
contig-1140000000,NC_010546
contig-1078000000,NC_007779
contig-578000000,NC_007779
contig-1870000000,NC_005296
contig-3186000000,NC_009641
contig-89000000,NC_008011
contig-1346000000,NC_003112
contig-1759000000,NC_005296
contig-3055000000,NC_005296
contig-681000000,NC_007779
contig-1341000000,NC_005296
contig-2233000000,NC_007779
contig-952000000,NC_008011
contig-150000000,NC_008555
contig-2973000000,NC_003112
contig-2951000000,NC_009637
contig-2099000000,NC_003112
contig-3173000000,NC_009637
contig-3046000000,NC_009641
contig-1838000000,NC_010546
contig-3118000000,NC_007779
contig-2182000000,NC_003112
contig-608000000,NC_005296
contig-2093000000,NC_010546
contig-860000000,NC_005296
contig-2343000000,NC_005296
contig-882000000,NC_007779
contig-2312000000,NC_003112
contig-2389000000,NC_009637
contig-1367000000,NC_005296
contig-217000000,NC_009637
contig-1151000000,NC_009641
contig-414000000,NC_007779
contig-19000000,NC_006582
contig-788000000,NC_010546
contig-2619000000,NC_003112
contig-646000000,NC_005296
contig-1571000000,NC_003112
contig-342000000,NC_010546
contig-3097000000,NC_010546
contig-2563000000,NC_010546
contig-1166000000,NC_003112
contig-3126000000,NC_006582
contig-84000000,NC_008555
contig-1840000000,NC_007404
contig-1246000000,NC_005296
contig-1301000000,NC_007779
contig-481000000,NC_007779
contig-3102000000,NC_009641
contig-2357000000,NC_005296
contig-2153000000,NC_009641
contig-1048000000,NC_010546
contig-3040000000,NC_007779
contig-3060000000,NC_009641
contig-2604000000,NC_007779
contig-3158000000,NC_009641
contig-1828000000,NC_010546
contig-394000000,NC_005296
contig-421000000,NC_009641
contig-1418000000,NC_005296
contig-503000000,NC_005296
contig-3248000000,NC_005296
contig-189000000,NC_005296
contig-603000000,NC_005296
contig-1633000000,NC_010546
contig-956000000,NC_006582
contig-454000000,NC_007779
contig-1050000000,NC_009641
contig-202000000,NC_007779
contig-2570000000,NC_009637
contig-942000000,NC_010546
contig-432000000,NC_007779
contig-331000000,NC_006582
contig-1956000000,NC_007404
contig-113000000,NC_010546
contig-88000000,NC_006582
contig-2159000000,NC_008555
contig-760000000,NC_010546
contig-1980000000,NC_003112
contig-2854000000,NC_009641
contig-2331000000,NC_007779
contig-1946000000,NC_003112
contig-2368000000,NC_010546
contig-2137000000,NC_007404
contig-1305000000,NC_010546
contig-2131000000,NC_003112
contig-2078000000,NC_003112
contig-2815000000,NC_010546
contig-789000000,NC_005296
contig-2811000000,NC_005296
contig-2124000000,NC_006582
contig-1497000000,NC_003112
contig-1422000000,NC_010546
contig-543000000,NC_010546
contig-2296000000,NC_005296
contig-994000000,NC_007404
contig-122000000,NC_007404
contig-2762000000,NC_009637
contig-2658000000,NC_008555
contig-2685000000,NC_009641
contig-2683000000,NC_003112
contig-70000000,NC_010546
contig-1898000000,NC_003112
contig-2319000000,NC_008011
contig-2912000000,NC_003112
contig-146000000,NC_006582
contig-2244000000,NC_008011
contig-1563000000,NC_005296
contig-1957000000,NC_007779
contig-1857000000,NC_003112
contig-173000000,NC_009641
contig-3156000000,NC_003112
contig-3044000000,NC_007779
contig-418000000,NC_009641
contig-2225000000,NC_003112
contig-1582000000,NC_010546
contig-1364000000,NC_003112
contig-2694000000,NC_007779
contig-1860000000,NC_003112
contig-1809000000,NC_010546
contig-307000000,NC_008555
contig-3133000000,NC_009637
contig-119000000,NC_010546
contig-2606000000,NC_005296
contig-2745000000,NC_005296
contig-656000000,NC_010546
contig-28000000,NC_006582
contig-2474000000,NC_009637
contig-2981000000,NC_003112
contig-1177000000,NC_007779
contig-707000000,NC_007779
contig-1590000000,NC_009641
contig-2452000000,NC_007404
contig-1103000000,NC_005296
contig-3195000000,NC_003112
contig-3219000000,NC_006582
contig-1849000000,NC_003112
contig-1831000000,NC_005296
contig-1805000000,NC_008555
contig-1880000000,NC_003112
contig-440000000,NC_005296
contig-2058000000,NC_007779
contig-1879000000,NC_005296
contig-1821000000,NC_003112
contig-2011000000,NC_005296
contig-637000000,NC_010546
contig-1134000000,NC_007779
contig-841000000,NC_007779
contig-1608000000,NC_003112
contig-2555000000,NC_010546
contig-295000000,NC_007779
contig-2168000000,NC_010546
contig-1420000000,NC_003112
contig-30000000,NC_006582
contig-1681000000,NC_010546
contig-2293000000,NC_006582
contig-2239000000,NC_003112
contig-1510000000,NC_003112
contig-3210000000,NC_009641
contig-2701000000,NC_010546
contig-1392000000,NC_010546
contig-2426000000,NC_003112
contig-1761000000,NC_007779
contig-2810000000,NC_006582
contig-849000000,NC_007779
contig-1015000000,NC_007779
contig-2280000000,NC_007779
contig-455000000,NC_009637
contig-2083000000,NC_005296
contig-1621000000,NC_003112
contig-2272000000,NC_007779
contig-960000000,NC_003112
contig-935000000,NC_003112
contig-3189000000,NC_005296
contig-1965000000,NC_009641
contig-1852000000,NC_010546
contig-2809000000,NC_008555
contig-1184000000,NC_003112
contig-1471000000,NC_003112
contig-94000000,NC_008555
contig-1822000000,NC_003112
contig-463000000,NC_007404
contig-78000000,NC_005296
contig-1389000000,NC_009637
contig-577000000,NC_005296
contig-1910000000,NC_006582
contig-2831000000,NC_003112
contig-2934000000,NC_007779
contig-2410000000,NC_003112
contig-2822000000,NC_003112
contig-1845000000,NC_009641
contig-27000000,NC_006582
contig-1712000000,NC_003112
contig-873000000,NC_005296
contig-2139000000,NC_005296
contig-713000000,NC_009641
contig-1087000000,NC_007779
contig-43000000,NC_008555
contig-2044000000,NC_006582
contig-1402000000,NC_003112
contig-2816000000,NC_010546
contig-313000000,NC_009637
contig-1500000000,NC_003112
contig-2777000000,NC_005296
contig-1441000000,NC_007779
contig-2285000000,NC_010546
contig-1921000000,NC_005296
contig-375000000,NC_009641
contig-1900000000,NC_009637
contig-1084000000,NC_010546
contig-2864000000,NC_008555
contig-2754000000,NC_003112
contig-555000000,NC_005296
contig-2145000000,NC_005296
contig-2569000000,NC_009641
contig-1548000000,NC_005296
contig-521000000,NC_005296
contig-1521000000,NC_005296
contig-531000000,NC_003112
contig-2498000000,NC_003112
contig-297000000,NC_005296
contig-1028000000,NC_010546
contig-2286000000,NC_009637
contig-691000000,NC_009641
contig-2630000000,NC_005296
contig-1788000000,NC_005296
contig-1650000000,NC_003112
contig-1489000000,NC_003112
contig-651000000,NC_010546
contig-1726000000,NC_003112
contig-662000000,NC_005296
contig-1488000000,NC_005296
contig-926000000,NC_006582
contig-133000000,NC_005296
contig-889000000,NC_007779
contig-891000000,NC_010546
contig-3169000000,NC_006582
contig-341000000,NC_007779
contig-735000000,NC_005296
contig-1338000000,NC_003112
contig-1958000000,NC_005296
contig-239000000,NC_007779
contig-1444000000,NC_005296
contig-673000000,NC_006582
contig-1352000000,NC_010546
contig-207000000,NC_007404
contig-1312000000,NC_010546
contig-1689000000,NC_003112
contig-2814000000,NC_005296
contig-1157000000,NC_003112
contig-3123000000,NC_009641
contig-201000000,NC_007779
contig-3014000000,NC_007779
contig-329000000,NC_003112
contig-97000000,NC_010546
contig-17000000,NC_009637
contig-512000000,NC_010546
contig-2299000000,NC_003112
contig-3197000000,NC_009641
contig-3194000000,NC_009641
contig-2167000000,NC_010546
contig-2440000000,NC_003112
contig-2048000000,NC_005296
contig-29000000,NC_005296
contig-769000000,NC_010546
contig-979000000,NC_003112
contig-2846000000,NC_009641
contig-191000000,NC_009637
contig-2786000000,NC_010546
contig-2330000000,NC_005296
contig-2443000000,NC_010546
contig-2566000000,NC_010546
contig-2385000000,NC_009641
contig-2674000000,NC_010546
contig-2160000000,NC_007779
contig-3007000000,NC_008555
contig-118000000,NC_010546
contig-1302000000,NC_010546
contig-2931000000,NC_006582
contig-2420000000,NC_005296
contig-2708000000,NC_009637
contig-2875000000,NC_010546
contig-24000000,NC_007404
contig-1775000000,NC_005296
contig-1733000000,NC_005296
contig-1126000000,NC_003112
contig-1086000000,NC_009641
contig-958000000,NC_010546
contig-2794000000,NC_007404
contig-2035000000,NC_003112
contig-1340000000,NC_005296
contig-2979000000,NC_007779
contig-2391000000,NC_005296
contig-1930000000,NC_003112
contig-66000000,NC_005296
contig-1062000000,NC_003112
contig-2294000000,NC_007779
contig-1664000000,NC_010546
contig-2258000000,NC_005296
contig-3008000000,NC_006582
contig-2880000000,NC_007404
contig-1959000000,NC_010546
contig-855000000,NC_005296
contig-185000000,NC_010546
contig-220000000,NC_009641
contig-3152000000,NC_009641
contig-3252000000,NC_005296
contig-3089000000,NC_009641
contig-999000000,NC_003112
contig-631000000,NC_005296
contig-1702000000,NC_005296
contig-1568000000,NC_007779
contig-2834000000,NC_009637
contig-2210000000,NC_003112
contig-2047000000,NC_003112
contig-581000000,NC_005296
contig-3078000000,NC_003112
contig-2259000000,NC_010546
contig-696000000,NC_003112
contig-2384000000,NC_003112
contig-2812000000,NC_006582
contig-1333000000,NC_008555
contig-2667000000,NC_010546
contig-1943000000,NC_010546
contig-2771000000,NC_009637
contig-2784000000,NC_007779
contig-2140000000,NC_003112
contig-1738000000,NC_010546
contig-1268000000,NC_003112
contig-589000000,NC_010546
contig-461000000,NC_009637
contig-2456000000,NC_008555
contig-3178000000,NC_003112
contig-2004000000,NC_003112
contig-69000000,NC_009641
contig-1393000000,NC_003112
contig-933000000,NC_010546
contig-2298000000,NC_009637
contig-2034000000,NC_010546
contig-633000000,NC_005296
contig-546000000,NC_005296
contig-2689000000,NC_003112
contig-204000000,NC_007404
contig-2545000000,NC_010546
contig-312000000,NC_005296
contig-3215000000,NC_003112
contig-632000000,NC_007779
contig-2727000000,NC_005296
contig-1519000000,NC_010546
contig-2490000000,NC_007404
contig-2933000000,NC_009641
contig-2824000000,NC_003112
contig-1741000000,NC_003112
contig-2164000000,NC_008011
contig-1490000000,NC_007779
contig-1803000000,NC_003112
contig-277000000,NC_006582
contig-635000000,NC_010546
contig-428000000,NC_010546
contig-937000000,NC_007779
contig-435000000,NC_007779
contig-572000000,NC_007779
contig-1125000000,NC_007779
contig-1906000000,NC_009641
contig-2700000000,NC_003112
contig-941000000,NC_005296
contig-1143000000,NC_010546
contig-757000000,NC_005296
contig-1807000000,NC_010546
contig-922000000,NC_007404
contig-1728000000,NC_005296
contig-988000000,NC_007779
contig-364000000,NC_009641
contig-1673000000,NC_010546
contig-845000000,NC_007404
contig-1342000000,NC_009641
contig-2465000000,NC_003112
contig-2340000000,NC_006582
contig-1060000000,NC_003112
contig-1216000000,NC_003112
contig-2910000000,NC_010546
contig-2553000000,NC_003112
contig-1194000000,NC_010546
contig-566000000,NC_005296
contig-829000000,NC_010546
contig-523000000,NC_006582
contig-2972000000,NC_009637
contig-403000000,NC_007779
contig-2406000000,NC_005296
contig-2277000000,NC_009641
contig-1296000000,NC_005296
contig-2230000000,NC_003112
contig-436000000,NC_009641
contig-2511000000,NC_007779
contig-2847000000,NC_009637
contig-2176000000,NC_009637
contig-2397000000,NC_008555
contig-2001000000,NC_007779
contig-2905000000,NC_006582
contig-1009000000,NC_010546
contig-733000000,NC_005296
contig-767000000,NC_007779
contig-534000000,NC_008011
contig-877000000,NC_010546
contig-2540000000,NC_007779
contig-2216000000,NC_003112
contig-2169000000,NC_007779
contig-444000000,NC_003112
contig-564000000,NC_010546
contig-1479000000,NC_005296
contig-3232000000,NC_009637
contig-803000000,NC_003112
contig-1584000000,NC_007779
contig-1368000000,NC_008555
contig-2499000000,NC_005296
contig-400000000,NC_005296
contig-3037000000,NC_003112
contig-582000000,NC_010546
contig-2897000000,NC_008011
contig-1753000000,NC_010546
contig-2266000000,NC_010546
contig-804000000,NC_009641
contig-2677000000,NC_005296
contig-3064000000,NC_006582
contig-3108000000,NC_009641
contig-1758000000,NC_010546
contig-2991000000,NC_009641
contig-2236000000,NC_008555
contig-1293000000,NC_007404
contig-758000000,NC_005296
contig-288000000,NC_006582
contig-2247000000,NC_003112
contig-2747000000,NC_010546
contig-2774000000,NC_003112
contig-2492000000,NC_009641
contig-2209000000,NC_007779
contig-2960000000,NC_010546
contig-953000000,NC_003112
contig-2032000000,NC_005296
contig-2530000000,NC_003112
contig-2704000000,NC_005296
contig-2865000000,NC_007404
contig-1215000000,NC_003112
contig-727000000,NC_007779
contig-1894000000,NC_010546
contig-2174000000,NC_009641
contig-2494000000,NC_008011
contig-2825000000,NC_006582
contig-1012000000,NC_009641
contig-1757000000,NC_003112
contig-1411000000,NC_005296
contig-797000000,NC_003112
contig-2649000000,NC_009641
contig-2775000000,NC_009641
contig-812000000,NC_003112
contig-321000000,NC_010546
contig-1632000000,NC_003112
contig-385000000,NC_009637
contig-507000000,NC_005296
contig-1076000000,NC_007779
contig-209000000,NC_008555
contig-2932000000,NC_006582
contig-234000000,NC_005296
contig-32000000,NC_006582
contig-2265000000,NC_008011
contig-1885000000,NC_003112
contig-1739000000,NC_009641
contig-1626000000,NC_010546
contig-2686000000,NC_010546
contig-2488000000,NC_009641
contig-3087000000,NC_006582
contig-2020000000,NC_009641
contig-1867000000,NC_003112
contig-116000000,NC_008555
contig-2003000000,NC_006582
contig-281000000,NC_009641
contig-2513000000,NC_010546
contig-1736000000,NC_007779
contig-1188000000,NC_010546
contig-2250000000,NC_003112
contig-2635000000,NC_010546
contig-2054000000,NC_010546
contig-3199000000,NC_005296
contig-1635000000,NC_010546
contig-3141000000,NC_008555
contig-3000000,NC_006582
contig-1505000000,NC_005296
contig-3104000000,NC_005296
contig-1558000000,NC_005296
contig-3167000000,NC_008555
contig-3057000000,NC_010546
contig-1117000000,NC_010546
contig-2098000000,NC_003112
contig-1846000000,NC_003112
contig-2808000000,NC_008011
contig-3113000000,NC_006582
contig-2523000000,NC_009637
contig-2045000000,NC_006582
contig-177000000,NC_006582
contig-689000000,NC_007779
contig-2560000000,NC_010546
contig-2027000000,NC_003112
contig-1339000000,NC_009637
contig-756000000,NC_006582
contig-1777000000,NC_003112
contig-2738000000,NC_006582
contig-1469000000,NC_010546
contig-2971000000,NC_006582
contig-1354000000,NC_008555
contig-2074000000,NC_003112
contig-2990000000,NC_010546
contig-1026000000,NC_008555
contig-2559000000,NC_005296
contig-323000000,NC_009641
contig-2643000000,NC_009641
contig-2517000000,NC_007779
contig-3077000000,NC_010546
contig-1109000000,NC_003112
contig-2547000000,NC_010546
contig-2484000000,NC_003112
contig-45000000,NC_007404
contig-41000000,NC_008011
contig-2291000000,NC_009637
contig-2323000000,NC_009641
contig-702000000,NC_010546
contig-2974000000,NC_007404
contig-3204000000,NC_007779
contig-335000000,NC_006582
contig-2918000000,NC_003112
contig-1070000000,NC_005296
contig-2802000000,NC_008555
contig-2840000000,NC_003112
contig-1248000000,NC_010546
contig-1191000000,NC_009641
contig-918000000,NC_007779
contig-1006000000,NC_007779
contig-1024000000,NC_010546
contig-921000000,NC_003112
contig-595000000,NC_010546
contig-2983000000,NC_008555
contig-1023000000,NC_003112
contig-1112000000,NC_010546
contig-3115000000,NC_010546
contig-1487000000,NC_010546
contig-2634000000,NC_008555
contig-2269000000,NC_010546
contig-1638000000,NC_008555
contig-1309000000,NC_007779
contig-1623000000,NC_010546
contig-1832000000,NC_007779
contig-799000000,NC_009641
contig-1328000000,NC_007779
contig-1868000000,NC_009641
contig-53000000,NC_007404
contig-2789000000,NC_003112
contig-55000000,NC_007404
contig-661000000,NC_010546
contig-1113000000,NC_010546
contig-2953000000,NC_006582
contig-1540000000,NC_005296
contig-1290000000,NC_005296
contig-356000000,NC_009641
contig-2567000000,NC_009637
contig-1007000000,NC_003112
contig-256000000,NC_006582
contig-813000000,NC_005296
contig-1539000000,NC_009641
contig-2892000000,NC_006582
contig-885000000,NC_005296
contig-2329000000,NC_006582
contig-318000000,NC_009641
contig-2594000000,NC_009641
contig-2613000000,NC_010546
contig-2081000000,NC_003112
contig-25000000,NC_009637
contig-2301000000,NC_007779
contig-1223000000,NC_007779
contig-710000000,NC_007779
contig-1737000000,NC_005296
contig-2599000000,NC_010546
contig-3153000000,NC_007779
contig-67000000,NC_008555
contig-2602000000,NC_005296
contig-1553000000,NC_003112
contig-2377000000,NC_003112
contig-878000000,NC_010546
contig-10000000,NC_008011
contig-1000000,NC_006582
contig-1710000000,NC_005296
contig-1195000000,NC_008011
contig-3214000000,NC_003112
contig-801000000,NC_003112
contig-51000000,NC_005296
contig-499000000,NC_007779
contig-3171000000,NC_007779
contig-524000000,NC_007779
contig-464000000,NC_005296
contig-2033000000,NC_009641
contig-3012000000,NC_003112
contig-2065000000,NC_010546
contig-2818000000,NC_010546
contig-152000000,NC_007779
contig-558000000,NC_006582
contig-2911000000,NC_009641
contig-3229000000,NC_010546
contig-3114000000,NC_008555
contig-223000000,NC_008555
contig-905000000,NC_010546
contig-298000000,NC_007779
contig-2105000000,NC_005296
contig-2922000000,NC_005296
contig-249000000,NC_008011
contig-1752000000,NC_010546
contig-2215000000,NC_010546
contig-1573000000,NC_007779
contig-404000000,NC_005296
contig-2257000000,NC_006582
contig-1069000000,NC_010546
contig-730000000,NC_010546
contig-338000000,NC_005296
contig-121000000,NC_009641
contig-2527000000,NC_008555
contig-2090000000,NC_007779
contig-1397000000,NC_003112
contig-1601000000,NC_003112
contig-1607000000,NC_003112
contig-3205000000,NC_007779
contig-1541000000,NC_010546
contig-1356000000,NC_005296
contig-2851000000,NC_003112
contig-33000000,NC_008555
contig-1864000000,NC_009641
contig-2089000000,NC_005296
contig-2019000000,NC_003112
contig-445000000,NC_010546
contig-2520000000,NC_009637
contig-2844000000,NC_003112
contig-73000000,NC_008555
contig-969000000,NC_007779
contig-344000000,NC_010546
contig-2134000000,NC_010546
contig-2817000000,NC_005296
contig-2012000000,NC_009641
contig-2888000000,NC_003112
contig-1769000000,NC_009641
contig-787000000,NC_007404
contig-14000000,NC_006582
contig-2714000000,NC_009641
contig-1602000000,NC_003112
contig-2753000000,NC_009637
contig-2220000000,NC_003112
contig-1311000000,NC_007404
contig-2451000000,NC_003112
contig-2005000000,NC_005296
contig-379000000,NC_005296
contig-139000000,NC_008555
contig-2166000000,NC_006582
contig-2703000000,NC_009641
contig-390000000,NC_007779
contig-1562000000,NC_003112
contig-639000000,NC_005296
contig-1247000000,NC_007779
contig-2349000000,NC_009637
contig-2621000000,NC_007404
contig-594000000,NC_003112
contig-3180000000,NC_010546
contig-1334000000,NC_007779
contig-749000000,NC_010546
contig-1776000000,NC_007779
contig-1452000000,NC_003112
contig-1413000000,NC_005296
contig-2000000000,NC_003112
contig-3061000000,NC_007779
contig-1404000000,NC_010546
contig-734000000,NC_003112
contig-437000000,NC_007779
contig-1022000000,NC_009637
contig-2620000000,NC_007404
contig-2946000000,NC_009641
contig-3218000000,NC_009641
contig-2275000000,NC_005296
contig-573000000,NC_010546
contig-2668000000,NC_008555
contig-1925000000,NC_009641
contig-1740000000,NC_005296
contig-372000000,NC_009641
contig-2070000000,NC_003112
contig-2502000000,NC_009641
contig-2405000000,NC_007779
contig-2852000000,NC_003112
contig-1899000000,NC_005296
contig-1700000000,NC_005296
contig-870000000,NC_007779
contig-2575000000,NC_003112
contig-374000000,NC_007779
contig-583000000,NC_010546
contig-3164000000,NC_003112
contig-2177000000,NC_010546
contig-77000000,NC_009641
contig-1580000000,NC_006582
contig-3227000000,NC_009641
contig-1603000000,NC_007779
contig-2629000000,NC_009641
contig-2264000000,NC_005296
contig-381000000,NC_008555
contig-1566000000,NC_003112
contig-1335000000,NC_007779
contig-2120000000,NC_003112
contig-71000000,NC_010546
contig-1304000000,NC_007779
contig-134000000,NC_010546
contig-258000000,NC_005296
contig-2536000000,NC_009641
contig-574000000,NC_009641
contig-2165000000,NC_008011
contig-237000000,NC_009641
contig-927000000,NC_007404
contig-1592000000,NC_005296
contig-854000000,NC_003112
contig-2189000000,NC_010546
contig-2977000000,NC_003112
contig-840000000,NC_007404
contig-160000000,NC_007404
contig-625000000,NC_005296
contig-2614000000,NC_005296
contig-1152000000,NC_010546
contig-1032000000,NC_010546
contig-765000000,NC_010546
contig-2581000000,NC_007779
contig-1968000000,NC_003112
contig-836000000,NC_007779
contig-552000000,NC_007404
contig-2500000000,NC_008555
contig-1158000000,NC_003112
contig-658000000,NC_009641
contig-2699000000,NC_008555
contig-1663000000,NC_010546
contig-1557000000,NC_005296
contig-809000000,NC_010546
contig-2361000000,NC_003112
contig-2531000000,NC_005296
contig-2403000000,NC_010546
contig-2057000000,NC_007404
contig-1513000000,NC_010546
contig-599000000,NC_010546
contig-2938000000,NC_007404
contig-2543000000,NC_007779
contig-3004000000,NC_003112
contig-1164000000,NC_005296
contig-2755000000,NC_009641
contig-1064000000,NC_007404
contig-2927000000,NC_003112
contig-2647000000,NC_010546
contig-1396000000,NC_010546
contig-420000000,NC_005296
contig-2232000000,NC_009637
contig-1499000000,NC_010546
contig-106000000,NC_007779
contig-2163000000,NC_003112
contig-3086000000,NC_009641
contig-1669000000,NC_003112
contig-695000000,NC_006582
contig-777000000,NC_007779
contig-1559000000,NC_005296
contig-704000000,NC_010546
contig-2284000000,NC_007779
contig-2987000000,NC_005296
contig-1654000000,NC_010546
contig-1210000000,NC_003112
contig-9000000,NC_008555
contig-2741000000,NC_010546
contig-2759000000,NC_006582
contig-2290000000,NC_003112
contig-1212000000,NC_003112
contig-2989000000,NC_006582
contig-151000000,NC_007779
contig-1622000000,NC_003112
contig-306000000,NC_007779
contig-1294000000,NC_003112
contig-179000000,NC_007404
contig-1075000000,NC_003112
contig-1675000000,NC_010546
contig-1801000000,NC_010546
contig-668000000,NC_010546
contig-1780000000,NC_003112
contig-2076000000,NC_009641
contig-1405000000,NC_007404
contig-3176000000,NC_010546
contig-2907000000,NC_003112
contig-3072000000,NC_009641
contig-1300000000,NC_003112
contig-2111000000,NC_010546
contig-949000000,NC_003112
contig-485000000,NC_007404
contig-1225000000,NC_003112
contig-1797000000,NC_003112
contig-175000000,NC_007404
contig-391000000,NC_005296
contig-1522000000,NC_003112
contig-1994000000,NC_003112
contig-2663000000,NC_009641
contig-586000000,NC_007779
contig-3216000000,NC_003112
contig-2449000000,NC_005296
contig-617000000,NC_007779
contig-3134000000,NC_010546
contig-1569000000,NC_005296
contig-1168000000,NC_005296
contig-1355000000,NC_010546
contig-138000000,NC_009637
contig-3161000000,NC_005296
contig-2476000000,NC_009641
contig-3185000000,NC_005296
contig-2957000000,NC_006582
contig-2836000000,NC_010546
contig-1419000000,NC_008555
contig-180000000,NC_007779
contig-317000000,NC_007779
contig-453000000,NC_010546
contig-2624000000,NC_009641
contig-2103000000,NC_005296
contig-2653000000,NC_009641
contig-2616000000,NC_010546
contig-52000000,NC_009637
contig-470000000,NC_005296
contig-1969000000,NC_010546
contig-698000000,NC_007779
contig-811000000,NC_007779
contig-2835000000,NC_003112
contig-2355000000,NC_010546
contig-2359000000,NC_006582
contig-821000000,NC_003112
contig-998000000,NC_010546
contig-774000000,NC_007779
contig-1279000000,NC_003112
contig-910000000,NC_003112
contig-974000000,NC_010546
contig-1793000000,NC_010546
contig-1284000000,NC_005296
contig-1920000000,NC_005296
contig-2936000000,NC_009641
contig-2548000000,NC_005296
contig-779000000,NC_007779
contig-1224000000,NC_007404
contig-3116000000,NC_009637
contig-2439000000,NC_003112
contig-2539000000,NC_010546
contig-112000000,NC_007404
contig-833000000,NC_010546
contig-1336000000,NC_005296
contig-3088000000,NC_009641
contig-2945000000,NC_010546
contig-1061000000,NC_008011
contig-2958000000,NC_008555
contig-659000000,NC_010546
contig-1893000000,NC_003112
contig-1875000000,NC_003112
contig-2351000000,NC_009637
contig-955000000,NC_005296
contig-768000000,NC_005296
contig-1280000000,NC_010546
contig-1351000000,NC_005296
contig-2214000000,NC_010546
contig-567000000,NC_005296
contig-1936000000,NC_006582
contig-1399000000,NC_003112
contig-1059000000,NC_005296
contig-72000000,NC_006582
contig-2832000000,NC_009641
contig-3017000000,NC_009641
contig-763000000,NC_007779
contig-3103000000,NC_009641
contig-2767000000,NC_009641
contig-137000000,NC_007779
contig-2996000000,NC_009641
contig-46000000,NC_010546
contig-2698000000,NC_005296
contig-2354000000,NC_009637
contig-2473000000,NC_003112
contig-2568000000,NC_007404
contig-3111000000,NC_009641
contig-1344000000,NC_005296
contig-866000000,NC_010546
contig-2917000000,NC_009641
contig-1589000000,NC_010546
contig-1585000000,NC_010546
contig-2006000000,NC_007404
contig-2382000000,NC_008555
contig-2636000000,NC_007404
contig-216000000,NC_008555
contig-1417000000,NC_007779
contig-3137000000,NC_003112
contig-1765000000,NC_007779
contig-1659000000,NC_003112
contig-123000000,NC_007779
contig-1501000000,NC_009641
contig-1749000000,NC_008555
contig-2181000000,NC_007779
contig-2114000000,NC_005296
contig-91000000,NC_007404
contig-2115000000,NC_003112
contig-343000000,NC_008011
contig-542000000,NC_007779
contig-2965000000,NC_003112
contig-1458000000,NC_007779
contig-393000000,NC_008555
contig-296000000,NC_010546
contig-1358000000,NC_005296
contig-1680000000,NC_003112
contig-514000000,NC_009641
contig-2373000000,NC_009637
contig-230000000,NC_009637
contig-2561000000,NC_003112
contig-1045000000,NC_005296
contig-1747000000,NC_009641
contig-1002000000,NC_003112
contig-2580000000,NC_007404
contig-2185000000,NC_003112
contig-911000000,NC_010546
contig-451000000,NC_010546
contig-2601000000,NC_003112
contig-2551000000,NC_003112
contig-1098000000,NC_009641
contig-1706000000,NC_008555
contig-1676000000,NC_010546
contig-2758000000,NC_006582
contig-1511000000,NC_005296
contig-1940000000,NC_003112
contig-2161000000,NC_003112
contig-3135000000,NC_005296
contig-39000000,NC_006582
contig-300000000,NC_007404
contig-2188000000,NC_007404
contig-2388000000,NC_003112
contig-1653000000,NC_010546
contig-1952000000,NC_005296
contig-3130000000,NC_005296
contig-1066000000,NC_009641
contig-3147000000,NC_006582
contig-962000000,NC_003112
contig-1570000000,NC_005296
contig-2496000000,NC_006582
contig-238000000,NC_007404
contig-218000000,NC_007779
contig-2353000000,NC_007779
contig-441000000,NC_010546
contig-1905000000,NC_003112
contig-1049000000,NC_010546
contig-1873000000,NC_003112
contig-3109000000,NC_008555
contig-2422000000,NC_010546
contig-1978000000,NC_005296
contig-3112000000,NC_006582
contig-1116000000,NC_007779
contig-1690000000,NC_003112
contig-1617000000,NC_003112
contig-2457000000,NC_009641
contig-1990000000,NC_007404
contig-2381000000,NC_009637
contig-894000000,NC_009641
contig-1139000000,NC_006582
contig-2506000000,NC_007404
contig-1083000000,NC_009637
contig-690000000,NC_010546
contig-934000000,NC_009637
contig-1630000000,NC_003112
contig-2261000000,NC_007404
contig-261000000,NC_009641
contig-320000000,NC_010546
contig-158000000,NC_005296
contig-227000000,NC_009641
contig-2039000000,NC_003112
contig-3066000000,NC_003112
contig-1170000000,NC_003112
contig-2687000000,NC_009641
contig-705000000,NC_007779
contig-663000000,NC_010546
contig-286000000,NC_005296
contig-2241000000,NC_009637
contig-965000000,NC_006582
contig-456000000,NC_007779
contig-724000000,NC_007779
contig-1639000000,NC_010546
contig-852000000,NC_005296
contig-2297000000,NC_003112
contig-1027000000,NC_009641
contig-2657000000,NC_010546
contig-1257000000,NC_005296
contig-3110000000,NC_009637
contig-906000000,NC_010546
contig-786000000,NC_005296
contig-951000000,NC_007779
contig-644000000,NC_007404
contig-1264000000,NC_010546
contig-1670000000,NC_008555
contig-2254000000,NC_005296
contig-3192000000,NC_006582
contig-3019000000,NC_009641
contig-2969000000,NC_003112
contig-1350000000,NC_010546
contig-522000000,NC_005296
contig-274000000,NC_008555
contig-1214000000,NC_007404
contig-1306000000,NC_009641
contig-1988000000,NC_009637
contig-3010000000,NC_003112
contig-1537000000,NC_003112
contig-1555000000,NC_009641
contig-2711000000,NC_009637
contig-502000000,NC_009641
contig-2283000000,NC_007779
contig-276000000,NC_009641
contig-650000000,NC_010546
contig-2417000000,NC_009641
contig-1789000000,NC_003112
contig-1038000000,NC_005296
contig-2670000000,NC_003112
contig-1240000000,NC_010546
contig-1272000000,NC_005296
contig-602000000,NC_005296
contig-876000000,NC_003112
contig-884000000,NC_003112
contig-2458000000,NC_009641
contig-679000000,NC_005296
contig-2610000000,NC_009641
contig-1386000000,NC_009637
contig-1097000000,NC_003112
contig-1238000000,NC_007404
contig-2345000000,NC_010546
contig-1963000000,NC_007779
contig-604000000,NC_007404
contig-802000000,NC_008555
contig-2872000000,NC_003112
contig-2433000000,NC_009637
contig-1561000000,NC_010546
contig-2306000000,NC_003112
contig-429000000,NC_010546
contig-1400000000,NC_010546
contig-1792000000,NC_003112
contig-2651000000,NC_003112
contig-638000000,NC_008011
contig-291000000,NC_005296
contig-1101000000,NC_003112
contig-1818000000,NC_007779
contig-996000000,NC_007779
contig-2584000000,NC_009641
contig-243000000,NC_009637
contig-1687000000,NC_009641
contig-2894000000,NC_005296
contig-2029000000,NC_005296
contig-231000000,NC_010546
contig-1839000000,NC_005296
contig-1806000000,NC_005296
contig-1835000000,NC_005296
contig-280000000,NC_010546
contig-959000000,NC_007404
contig-2135000000,NC_003112
contig-980000000,NC_007779
contig-38000000,NC_009637
contig-2744000000,NC_009637
contig-469000000,NC_005296
contig-3136000000,NC_009641
contig-1934000000,NC_008555
contig-1531000000,NC_007404
contig-1961000000,NC_010546
contig-1911000000,NC_003112
contig-1316000000,NC_009641
contig-1612000000,NC_005296
contig-3073000000,NC_005296
contig-1826000000,NC_003112
contig-3022000000,NC_009641
contig-1138000000,NC_005296
contig-3030000000,NC_006582
contig-434000000,NC_008555
contig-1236000000,NC_009641
contig-1981000000,NC_003112
contig-536000000,NC_007779
contig-1375000000,NC_010546
contig-2961000000,NC_009641
contig-875000000,NC_005296
contig-3131000000,NC_009641
contig-155000000,NC_008555
contig-2053000000,NC_010546
contig-2253000000,NC_005296
contig-2187000000,NC_006582
contig-1449000000,NC_010546
contig-270000000,NC_007779
contig-2108000000,NC_009641
contig-3125000000,NC_007779
contig-2129000000,NC_003112
contig-3090000000,NC_003112
contig-717000000,NC_003112
contig-1063000000,NC_007404
contig-1532000000,NC_003112
contig-914000000,NC_010546
contig-114000000,NC_009641
contig-87000000,NC_008011
contig-1144000000,NC_003112
contig-3140000000,NC_010546
contig-1398000000,NC_007779
contig-2121000000,NC_006582
contig-987000000,NC_007779
contig-3026000000,NC_009641
contig-1682000000,NC_010546
contig-2640000000,NC_003112
contig-308000000,NC_010546
contig-886000000,NC_006582
contig-130000000,NC_007779
contig-2617000000,NC_010546
contig-2680000000,NC_009637
contig-986000000,NC_005296
contig-2282000000,NC_010546
contig-533000000,NC_007779
contig-665000000,NC_007779
contig-254000000,NC_010546
contig-1353000000,NC_005296
contig-728000000,NC_007779
contig-948000000,NC_007779
contig-483000000,NC_007779
contig-861000000,NC_005296
contig-193000000,NC_007779
contig-2792000000,NC_003112
contig-2393000000,NC_003112
contig-1129000000,NC_007779
contig-1696000000,NC_009641
contig-1858000000,NC_010546
contig-1523000000,NC_007779
contig-2964000000,NC_009641
contig-1100000000,NC_010546
contig-314000000,NC_003112
contig-2178000000,NC_009641
contig-3051000000,NC_008555
contig-1615000000,NC_010546
contig-1725000000,NC_003112
contig-3243000000,NC_006582
contig-2202000000,NC_005296
contig-480000000,NC_006582
contig-1629000000,NC_003112
contig-1206000000,NC_007779
contig-3096000000,NC_007779
contig-966000000,NC_009641
contig-2324000000,NC_005296
contig-1751000000,NC_003112
contig-2467000000,NC_010546
contig-426000000,NC_005296
contig-857000000,NC_010546
contig-101000000,NC_007779
contig-3033000000,NC_003112
contig-1431000000,NC_010546
contig-1229000000,NC_005296
contig-1320000000,NC_005296
contig-1722000000,NC_003112
contig-1855000000,NC_007779
contig-1003000000,NC_005296
contig-2726000000,NC_003112
contig-740000000,NC_005296
contig-171000000,NC_007404
contig-194000000,NC_006582
contig-1403000000,NC_003112
contig-3172000000,NC_009637
contig-770000000,NC_003112
contig-206000000,NC_009641
contig-3028000000,NC_003112
contig-1373000000,NC_007779
contig-828000000,NC_010546
contig-2591000000,NC_010546
contig-1326000000,NC_003112
contig-1107000000,NC_005296
contig-1459000000,NC_005296
contig-500000000,NC_005296
contig-103000000,NC_009641
contig-2637000000,NC_010546
contig-2436000000,NC_005296
contig-1276000000,NC_005296
contig-2800000000,NC_010546
contig-930000000,NC_008555
contig-2654000000,NC_009637
contig-851000000,NC_003112
contig-397000000,NC_005296
contig-3220000000,NC_007404
contig-2016000000,NC_010546
contig-2830000000,NC_003112
contig-2184000000,NC_009641
contig-575000000,NC_007779
contig-784000000,NC_010546
contig-1657000000,NC_010546
contig-2608000000,NC_010546
contig-622000000,NC_007779
contig-1594000000,NC_003112
contig-569000000,NC_010546
contig-664000000,NC_007779
contig-907000000,NC_005296
contig-458000000,NC_008555
contig-2369000000,NC_005296
contig-2201000000,NC_006582
contig-1671000000,NC_010546
contig-642000000,NC_005296
contig-1478000000,NC_007779
contig-1939000000,NC_010546
contig-1744000000,NC_007779
contig-938000000,NC_010546
contig-1430000000,NC_005296
contig-1163000000,NC_003112
contig-1202000000,NC_003112
contig-2227000000,NC_003112
contig-516000000,NC_010546
